Record_ID,Date,Customer_ID,App_Crash_Rate,Website_Conversion_Rate_e_g_plan_purchases,Digital_Onboarding_Completion_Rate,Chatbot_Interaction_Success_Rate,Virtual_Assistant_Usage_Frequency,Digital_Payment_Adoption_Rate,Customer_Portal_Error_Rate,Mobile_App_Feature_Usage_Rate,Digital_Customer_Satisfaction_Score,API_Response_Time_third_party_integrations_ms
5b39d135-fb4b-41aa-9ded-03456c99b554,2026-01-04,CUST-918195,0.17,2.77,86.63,85.46,6,46.84,1.24,Usage Monitoring,0.95,339
e0370520-95bb-4d48-8cee-2f777dac2eab,2025-12-13,CUST-676315,0.99,5.64,78.69,89.06,6,34.66,0.56,Add-ons,0.73,64
1ef60501-405f-42b1-ba00-88f9db1a585b,2026-01-04,CUST-233808,0.14,3.08,84.64,84.92,7,35.3,1.86,Usage Monitoring,0.97,227
b1c5aec1-6794-42bb-9db1-409b2c159c9b,2026-07-07,CUST-683429,0.36,4.06,88.4,80.09,9,32.57,2.21,Usage Monitoring,0.74,251
0c66352a-3b2d-406e-ab57-aaf48c7a5f29,2026-05-05,CUST-731082,0.19,5.7,72.82,69.13,6,61.54,0.55,Billing,0.88,371
fb5ca1af-9969-4dc1-a2ab-99c8478301ff,2025-11-08,CUST-996002,0.08,2.98,84.38,73.57,4,73.72,0.15,Add-ons,0.63,412
49c3a7e9-4e6b-4901-800e-ce7b409d746d,2025-11-05,CUST-486154,0.33,8.45,93.82,80.46,3,41.03,2.15,Support Chat,0.65,264
0be94719-b7dd-46f8-be5c-0d660a8d539c,2026-07-24,CUST-457696,0.36,7.27,73.33,73.45,7,44.98,2.78,Billing,0.68,481
1ace4f6f-a2de-4e67-85db-ad736a33bbc9,2025-10-14,CUST-157725,0.24,1.45,71.86,70.08,6,46.46,1.31,Usage Monitoring,0.77,82
e6e3b692-5dc5-46f0-b1e8-1595256fe63e,2026-04-07,CUST-970371,0.05,5.32,78.58,89.44,6,67.25,0.4,Support Chat,0.99,290
0f8bbd15-3943-4a3b-aedf-fa48e3daddda,2026-04-17,CUST-817462,0.32,4.04,93.59,75.6,0,42.53,0.67,Billing,0.68,413
d0cadb72-ddb7-4c9e-98c8-3cca8f106150,2025-08-29,CUST-494010,0.07,4.33,77.19,74.82,7,78.4,2.43,Plan Change,0.74,473
ff5ae820-7641-407c-95dd-59bfca526fa3,2026-01-23,CUST-421647,0.79,6.28,94.95,72.29,9,77.44,1.12,Support Chat,0.88,419
97c2d51d-f0bf-4ba8-9e56-eefe46bdfd19,2026-02-01,CUST-693723,0.07,6.43,78.1,84.58,4,33.42,2.94,Billing,0.98,408
99eb43ee-4a37-467b-95e3-e9bfe975f103,2026-04-19,CUST-638950,0.76,1.4,81.16,64.15,3,72.67,2.91,Billing,0.88,404
40126809-327e-44f6-8489-5b2863b0f952,2026-03-25,CUST-962420,0.71,7.56,81.09,84.65,4,76.9,2.78,Add-ons,0.66,254
af8e7f82-25c7-47f9-b0be-44ec64032526,2026-02-17,CUST-311519,0.5,1.59,89.44,74.07,6,68.57,2.68,Add-ons,0.69,116
cec79e34-18f2-4491-a046-fe8e37ca6458,2026-06-14,CUST-157395,0.7,2.52,94.4,80.05,3,78.66,1.69,Add-ons,0.78,53
30cc36ce-4d42-4508-8220-36f1dd49278f,2025-11-07,CUST-856684,0.63,5.59,71.26,87.06,9,70.69,1.92,Support Chat,0.66,216
fe8de9b8-623b-4193-827c-b0e958579fe0,2025-10-11,CUST-593137,0.3,1.83,89.85,69.17,7,64.15,2.81,Plan Change,0.84,282
f9ff386a-f91e-4660-8a46-1151d6128e8e,2025-11-11,CUST-930148,0.69,4.31,70.02,81.47,5,77.73,1.67,Add-ons,0.89,189
146d675e-c48b-42a4-ad0e-f612f0ee12b2,2025-11-30,CUST-566243,0.51,8.83,80.55,85.28,1,35.55,2.32,Usage Monitoring,0.61,63
e2bc9cbb-6ddd-43b7-b10b-26cbaacebb25,2026-02-23,CUST-482783,0.2,7.66,78.98,79.53,3,32.47,2.02,Plan Change,0.72,235
61e7bc8d-5cf8-4eb4-b8b3-dd1896761d09,2025-10-04,CUST-294531,0.33,8.12,82.66,63.87,5,52.28,1.34,Plan Change,0.86,55
c3e152fa-03bf-4671-8c77-02b2fd48b506,2026-04-14,CUST-663016,0.06,7.36,82.41,79.07,7,36.13,2.35,Support Chat,0.77,249
ea99d06d-0241-4a52-b981-c18a63c2ce49,2025-09-18,CUST-686938,0.9,7.33,84.34,78.03,8,44.27,1.23,Plan Change,0.75,174
79fe0046-5cd4-493c-8ccf-945f96ebf44c,2026-01-10,CUST-473323,0.98,7.78,82.31,70.5,5,68.19,1.75,Plan Change,0.7,259
49081a0c-5442-4d77-a388-c59c7a9b4746,2026-04-29,CUST-801073,0.66,2.61,78.95,72.92,4,33.5,1.99,Add-ons,0.75,130
16e1a404-401c-45b8-aad1-56ad1074cf4f,2025-08-11,CUST-538103,0.63,8.46,94.72,64.16,4,67.52,1.27,Usage Monitoring,0.72,404
ccf267f6-25c7-406d-94bb-f5d1f2b9b23f,2025-09-16,CUST-553531,0.36,5,87.73,63.84,7,45.27,1.03,Usage Monitoring,0.82,344
4e1a2c08-074c-4d7a-a56f-bb7659c1e0b2,2025-10-06,CUST-351298,0.2,3.89,75.21,85.54,2,46.8,2.83,Billing,0.68,373
808e5095-b0c2-4302-bc3b-e2a3ec4772db,2025-12-28,CUST-751543,0.98,8.52,72.39,74.6,1,68.14,2.45,Support Chat,0.91,223
11fec820-f656-4208-a0bb-b555f8464691,2026-04-04,CUST-360448,0.27,5.74,83.35,67.44,2,62.83,2.48,Plan Change,0.85,214
91edab06-a1d8-40b2-bebb-2eba1d0fcbfb,2025-12-23,CUST-414793,0.86,2.78,80.96,70.31,8,54.04,0.34,Usage Monitoring,0.91,497
c38b2f18-cf73-410b-9715-06dedb96d69b,2025-11-04,CUST-164876,0.64,6.87,85.29,89.38,10,42.76,2.33,Plan Change,0.72,341
706ce341-9141-4324-a026-0440973efc20,2025-10-03,CUST-130767,0.75,4.32,76.58,66.53,1,46.49,1.2,Plan Change,0.79,302
4ee25938-aefa-48c5-b3ad-ad3123a55f7b,2026-02-21,CUST-633785,0.22,9.9,72.42,88.55,8,60.29,1.17,Usage Monitoring,0.71,273
1d88f151-795a-46b9-8f9b-fd3515345418,2026-03-31,CUST-956382,0.87,8.54,88.7,89.34,4,54.48,0.72,Add-ons,0.85,118
d365bd11-3856-4389-b7b5-e5264b91919a,2025-12-04,CUST-820710,0.57,2.49,83.64,67.57,3,45.64,0.89,Billing,0.6,85
5269a05c-620b-4ffe-b415-3ce2c7dd63d1,2026-04-17,CUST-355479,0.16,4.81,73.02,87.36,9,56.46,0.99,Plan Change,0.73,187
12278d0c-3b8e-4803-9de5-6030eca1f482,2026-03-06,CUST-822792,0.71,1.57,81.88,70.83,2,56.06,1.55,Add-ons,0.93,123
f9995b6a-5299-4728-bf4b-5cd7ebd52b5b,2026-06-24,CUST-501531,0.06,3.49,85.04,82.62,7,73.58,1.8,Billing,0.82,147
293a49dc-a822-4bee-b02c-36f2f2c13be4,2026-04-12,CUST-594023,0.53,6.54,84.1,84.79,1,41.04,1.91,Plan Change,0.83,177
68f3f736-a91f-451c-9a3e-30dc9aec84d9,2026-07-08,CUST-965197,0.56,7.96,80.15,73.78,8,67.52,2.45,Usage Monitoring,0.98,340
5ae1b822-c582-4ba0-a544-f82cf4e2a661,2026-04-16,CUST-296251,0.29,1.38,92.12,66.77,3,38.32,2.15,Plan Change,0.89,253
66e5d174-4f31-4116-a41b-9ac2bdaeeabc,2025-08-09,CUST-606771,0.64,3.76,80.66,84.85,2,72.52,0.81,Billing,0.68,253
599679c1-ea27-46f7-a046-5de4c277db0f,2025-09-19,CUST-981351,0.5,8.34,70.18,80.52,8,46.89,0.36,Billing,0.62,377
c3878627-6d57-4696-8b88-eb404d678aeb,2025-08-26,CUST-378405,0.58,2.62,86.24,79.57,6,79.68,0.21,Add-ons,0.93,120
e852dac3-a76b-4a7f-bf57-13e9e06da20d,2025-12-29,CUST-567325,0.19,2.59,70.38,60.19,0,72.23,0.72,Add-ons,0.91,183
ba1859cb-3b48-4290-aa10-9adba8075641,2025-07-27,CUST-384857,0.1,6.88,77.96,79,0,37.43,1.1,Usage Monitoring,0.68,60
5651aae5-4156-429a-88b7-8df1f8f8818b,2026-06-15,CUST-140165,0.6,1.92,91.65,70.96,1,69.76,1.49,Support Chat,0.86,422
37195c24-5cac-4d7a-8ba2-e176e1e0f333,2026-02-24,CUST-885962,0.64,6.94,71.71,64.31,1,57.36,2.16,Billing,0.89,403
d41af024-cdf2-4527-aae5-f6e2243f9134,2026-03-27,CUST-279242,0.14,2.22,93.05,74.51,4,50.97,1.84,Usage Monitoring,0.67,262
e6a96085-e44f-4e08-9f0b-a5ee1f030f15,2025-11-10,CUST-898729,0.17,1.53,89.18,87.3,9,36.4,2.1,Billing,0.85,207
1a2cb591-0afb-4dd1-a210-153b4a3f2835,2026-07-01,CUST-849938,0.74,7.12,76.57,84.66,8,56.3,1.56,Usage Monitoring,0.98,116
b4f7624d-69f9-44d7-a22d-0c51f137a53f,2026-03-18,CUST-724949,0.41,6.65,82.15,75.47,7,67.37,1.14,Plan Change,0.69,245
17711e43-b139-4e0b-a6c2-6abf0af83b82,2026-01-06,CUST-172093,0.72,8.32,79.31,62.47,5,68.79,2.84,Usage Monitoring,0.87,150
11b44e35-5d84-45af-9f33-00c9a4fcf926,2026-01-24,CUST-690906,0.62,4.82,83.7,63.07,7,65.01,2.21,Support Chat,0.92,428
ae4e374a-12b7-4a3c-814e-40f5fc92039b,2025-11-11,CUST-515066,0.84,5.11,78.59,65.25,9,77.09,2.54,Billing,0.72,238
41f97491-2476-4d9a-ae7e-9a54bd729954,2026-04-08,CUST-560247,0.48,2.17,80.1,73.63,1,41.96,0.34,Billing,0.93,119
c64ba188-d4a3-4c81-a820-ee13a1996649,2026-04-29,CUST-478578,0.68,7.31,89.46,64.18,6,65.81,0.6,Support Chat,0.7,290
53a5e0a4-f1f9-44d5-baea-737859848397,2025-12-22,CUST-247614,0.27,8.39,71.97,84.25,3,33.47,1.82,Support Chat,0.98,328
2b554742-bea7-4f6a-ba82-9140a227467e,2025-09-08,CUST-835666,0.6,9.3,76.74,80.63,6,49.67,0.21,Add-ons,0.73,190
c4c07487-a6de-4122-9f2e-9d48ec666308,2026-06-16,CUST-800552,0.25,6.41,80.74,67.26,5,49.44,0.21,Usage Monitoring,0.7,217
315ea597-ea9e-46fe-833c-41e2b239ede7,2026-03-27,CUST-273192,0.17,4.61,79.55,79.04,9,37.87,2.42,Support Chat,0.6,135
768b4dbf-8cbc-48c8-9e37-b0f77b3206f0,2026-01-24,CUST-685693,0.12,9.45,76.73,88.06,3,61.62,2.5,Add-ons,0.74,406
4e6b7739-fe54-439f-84ec-4ae0b550ab6c,2025-08-22,CUST-253471,0.75,3.61,84.21,79.84,2,44.1,0.91,Support Chat,0.88,462
316b52d2-5e79-4ad2-af67-154ddd770b66,2026-02-23,CUST-820605,0.13,7.73,71.2,72.28,6,65.46,2.37,Support Chat,0.74,288
bf799f55-eee9-4f7c-b1a2-22615436a8ec,2025-10-20,CUST-378288,0.71,4.83,86.36,64.67,3,76.34,2.62,Add-ons,0.75,390
deadad55-73de-4214-b46b-a9b0b34d325e,2026-05-06,CUST-894077,0.51,5.58,70.07,80.72,2,46.81,0.21,Support Chat,0.7,498
86a05dc4-a1f9-4f4e-86e9-f0c2922824ee,2025-11-22,CUST-444044,0.59,3.6,80.32,86.81,2,35.52,1.5,Usage Monitoring,0.8,93
0ebcf887-f2d7-4b65-a5ee-43928686a9af,2026-02-06,CUST-675852,0.72,4.02,91.26,69.82,1,39.84,2.3,Support Chat,0.94,495
82dac43a-ae1e-4370-8bc4-b227f3821b0d,2026-01-18,CUST-699845,0.4,8.62,91.67,61.11,7,70.38,1.55,Support Chat,0.83,434
25b69add-59e4-455f-bd96-b976d14d3eda,2025-08-31,CUST-198546,0.95,7.56,81.24,86.54,10,31.19,1.29,Add-ons,0.95,186
d828cbdb-27cf-4d66-8d4a-d3f4c3141487,2025-08-29,CUST-546842,0.34,7.78,78.08,63.5,8,57.3,0.33,Add-ons,0.67,458
bb5bdd77-4db2-40b6-97af-dccf57f42110,2026-05-26,CUST-145800,0.71,3.26,74.39,62.77,1,32.92,2.68,Usage Monitoring,0.84,256
e68597e6-354a-4333-93b2-47185f01e7a4,2025-10-13,CUST-487696,0.31,9.63,70.92,61.34,1,56.23,1.24,Support Chat,0.79,375
43d61930-4a68-4945-ac82-feee9fc72108,2026-01-12,CUST-869095,0.88,4.1,93.01,84.42,2,62.74,0.49,Usage Monitoring,0.9,427
d0e5223d-8c5c-44b3-aa07-2b47160162fc,2026-03-24,CUST-156174,0.62,8.06,85.76,85.9,8,78.5,1.97,Support Chat,0.73,182
c60ce8f0-6a5f-411e-b548-947587e7e0c8,2025-08-10,CUST-365560,0.82,5.3,78.95,71.68,5,73.41,1.64,Add-ons,0.77,143
7c3b9222-9a70-4f8d-8adb-b560b78d4277,2025-10-04,CUST-350255,0.02,7.29,70.93,63.14,7,67.54,0.51,Plan Change,0.75,484
5c4b37f5-fef1-49ad-8139-bf6cb7a03b4c,2026-02-23,CUST-346419,0.42,5.84,84.94,85.26,8,41.87,2.79,Support Chat,0.9,245
fcc84325-d1aa-4582-b737-9584151f5cbc,2026-06-28,CUST-453646,0.85,4.63,72.72,63.43,1,36.96,0.88,Plan Change,0.72,216
94a942aa-aa23-4352-abfa-340e845fa436,2025-08-17,CUST-803346,0.47,9.12,78.26,71.48,4,76.25,2.43,Support Chat,0.81,88
7e8de617-cc4b-4927-bfeb-a09187f2c328,2026-01-15,CUST-132572,0.11,8.28,72.31,60.29,2,74.89,1.52,Add-ons,0.92,415
b1b80f0d-8e81-45dd-8ac1-b15d788fe407,2025-12-01,CUST-520176,0.81,4.46,86.51,63.2,1,30.44,1.22,Add-ons,0.87,286
ac3cc67e-8619-4566-ac7e-6aafd9367f73,2025-10-23,CUST-870687,0.09,1.63,85.08,83.05,3,59.34,1.59,Add-ons,0.82,280
ae76c563-6ddd-48e4-b133-9cc9889b9309,2025-08-02,CUST-449927,0.62,2.31,87.43,66.54,5,79.92,2.3,Support Chat,1,312
81c536bf-b8fd-4eae-a2e7-dead45fa7a05,2026-01-12,CUST-155115,0.39,6.54,90.66,75.4,6,56.94,1.26,Support Chat,0.84,283
3a5679f0-ab69-475c-8f97-be2224a8a544,2026-01-08,CUST-920061,0.06,3.6,83.43,63.78,9,55.18,1.06,Support Chat,0.85,423
5b0dc066-1730-4483-9701-b48be7246d63,2026-01-10,CUST-166824,0.53,2.99,71.81,63.39,3,77.97,1.02,Usage Monitoring,0.6,330
491273fb-69c0-4990-b0b6-777fd27eb85f,2026-04-05,CUST-997562,0.65,7.94,90.45,80.26,5,45.15,2.44,Plan Change,0.85,409
7cf3468e-0aa6-4f4f-9a8f-d34b78714002,2026-01-25,CUST-450003,0.48,3.28,82.54,68.91,6,39.99,0.36,Plan Change,0.86,157
470fc6a0-fee2-4cd9-aff4-53fcec5d2b68,2026-02-18,CUST-438299,0.57,8.68,88.72,62.27,5,36.9,1.58,Usage Monitoring,0.83,311
7e1b9007-0cc8-4931-9d2f-af17c3418690,2025-11-08,CUST-729184,0.58,8.59,87.57,85.06,7,33.67,0.45,Add-ons,0.96,92
38f39c6c-8eca-41bc-842b-612545068608,2026-03-28,CUST-586131,0.88,3.55,76.01,75.85,2,58.77,0.27,Plan Change,0.81,287
355a1538-e601-401a-b970-d763e2be37c3,2026-06-08,CUST-128760,0.74,6.81,93.93,82.41,2,40.77,2.33,Support Chat,0.82,51
80de5968-4c3e-4f66-b9c2-cbfeb8bfbe02,2026-01-02,CUST-878270,0.56,3.94,88.94,83.93,8,42.04,1.03,Usage Monitoring,0.6,153
d4bb26a1-b0a3-4e0f-8d82-07306546dac2,2026-07-04,CUST-577339,0.44,6.84,79.64,89.56,7,55.78,2.47,Billing,0.64,350
40e399d0-33d4-4e2a-b13c-719f26fe6e86,2025-10-12,CUST-524391,0.2,4.26,76.37,75.59,7,40.4,2.67,Plan Change,0.92,396
f009645d-0706-4175-8e12-4076bfaef348,2026-06-23,CUST-752330,0.13,1.32,84.82,84.66,8,32.46,1.3,Support Chat,0.98,99
a9dfa90e-0ecf-4d9f-a4cd-70c4fe2c509c,2026-07-24,CUST-141681,0.91,4.94,78.05,68.86,1,52.85,1.84,Billing,0.78,367
336746de-6483-422f-90a9-c635bd32daea,2026-03-03,CUST-181897,0.28,4.3,74.88,80.03,4,35.45,0.53,Usage Monitoring,0.87,412
8a52a1de-e6bb-4b8c-bb8c-bc9b0759f8d3,2025-11-28,CUST-627209,0.63,7.97,78.89,85.22,1,78.42,0.2,Support Chat,0.94,83
d04fd25c-6eb9-4bdc-ae0b-0a4d58bc08ac,2026-04-21,CUST-690659,0.43,5.11,77.94,70.47,2,51.5,1.03,Plan Change,0.63,333
fe01e721-a589-48a4-b3bf-45ae8e0133d4,2026-01-25,CUST-967848,0.54,9.34,72.28,61.81,0,79.39,0.84,Usage Monitoring,0.79,390
2142ccec-6048-4769-a53e-4e2dbc3a07b6,2026-05-05,CUST-143904,0.99,4.5,75.83,85.82,2,43.3,0.34,Plan Change,0.7,413
0366a1b2-4a85-41aa-adaa-f9af99be832f,2026-05-06,CUST-487585,0.79,7.61,77.85,62.22,0,41.53,2.57,Plan Change,0.94,318
ca621b85-904d-46f0-8d45-8e0c6f1d89a7,2026-07-24,CUST-971484,0.89,9.25,76.41,80.7,8,34.65,0.78,Plan Change,0.97,227
0d32c25f-ae8e-48a8-a227-6919cce674ee,2025-10-22,CUST-878269,0.9,3.8,94.41,79.51,6,65.32,1.95,Billing,0.84,424
1902fe09-0d73-4579-83e7-d4aba481b9d7,2025-11-27,CUST-885886,0.75,8.64,83.31,67.76,0,73.11,1.97,Plan Change,0.97,462
93e151ec-3e39-4e23-a37d-b37ab31f1098,2026-03-28,CUST-657318,0.39,6.27,83.03,87.37,10,63.08,2.55,Support Chat,0.61,254
501db7ea-bcf9-41b7-a7dd-0aea293f57d2,2026-01-15,CUST-557897,0.08,2.43,78.31,61.76,1,52.81,0.82,Support Chat,0.74,444
0c4930e4-6ac2-452d-8f07-bdcd828a7b39,2026-05-04,CUST-569521,0.31,7.63,92.75,89.5,1,63.57,2.18,Plan Change,0.91,439
3424c73f-01d0-4396-b2e9-72a03cd8cbd0,2026-06-03,CUST-544094,0.56,8.87,78.03,82.49,8,35.99,0.72,Support Chat,0.71,178
e6e15d4c-054c-4dd5-9760-eb702f022e44,2026-07-23,CUST-951699,0.01,9.86,91.4,87.72,5,54.99,1.28,Plan Change,0.76,322
4d3a773b-3616-4f95-9229-571d54e1a448,2025-12-15,CUST-573360,0.21,3.89,88.12,77.17,7,74,0.74,Add-ons,0.8,454
e3f40370-9c30-44c4-bae3-e51b25a22d78,2025-07-28,CUST-342225,0.68,9.44,85.62,62.56,9,79.17,0.29,Billing,0.81,159
9b620a90-81a8-4bbb-8e81-04b0bbc3c179,2025-08-25,CUST-607619,0.52,2.09,93.88,78.91,8,53.99,1.46,Usage Monitoring,0.78,113
454880a5-ba4a-40bd-9577-4f947e203b3d,2026-01-13,CUST-150242,0.09,3.83,72.65,64.51,8,56.17,0.5,Billing,0.78,166
6d068812-8566-4104-9020-2806d5b6c214,2025-08-29,CUST-810872,0.49,5.2,82.2,69.72,3,61.06,1.13,Support Chat,0.63,168
3fdbc7a7-27af-4b86-924d-faeee16c866c,2026-03-26,CUST-374839,0.78,4.2,85.6,69.37,2,47.37,0.59,Billing,0.75,297
f8c460f8-4d3f-4396-9e90-62b14fd72eea,2026-02-09,CUST-810300,0.91,8.54,84.02,82.37,4,68.47,2.69,Billing,0.85,419
4ec7866a-838e-4de6-9272-a8c9abd49ad0,2026-06-21,CUST-328823,0.93,2.41,79.26,77.64,2,79.11,2.41,Billing,0.85,232
4bd79b62-3e3e-4269-82ed-680ddad13eff,2025-11-14,CUST-690451,0.4,9.02,90.48,60.19,0,68.22,0.49,Usage Monitoring,0.65,98
b98c44f2-a2ed-4fb9-8b4e-3a85a3590d48,2026-01-28,CUST-280105,0.35,5.59,92.25,64.75,2,62.49,2.29,Add-ons,0.75,236
20e02a9c-e04c-456c-9b09-b2456e4582d5,2026-04-27,CUST-952303,0.65,7.71,90.66,76.57,2,51.96,1.59,Usage Monitoring,0.77,93
41264f55-3343-4bdc-9952-1cdfa3295db6,2026-04-16,CUST-788930,0.67,1.52,89.29,67.37,4,66.13,1.41,Support Chat,0.65,134
58364ef0-899c-455e-8e37-b4cb1acc85a6,2026-07-08,CUST-472763,0.25,4.98,75.1,75.92,7,43.35,2.8,Usage Monitoring,0.61,205
608ba2ac-0f84-4064-b846-e073225e85cd,2026-02-12,CUST-361029,0.03,9.99,73.43,84.26,1,34.83,2.59,Plan Change,0.72,257
42261d8d-ca51-4ceb-82f6-85160e095056,2025-12-01,CUST-934752,0.47,5.34,72.57,82.54,2,78.37,2.37,Usage Monitoring,0.79,394
e76b4840-3497-4981-8904-71a6ffdf55d5,2026-03-11,CUST-498385,0.97,9.54,86.35,75.4,7,71.87,2.7,Billing,0.65,420
c81bfe25-8108-4a8d-8346-3d44ced35e58,2026-03-28,CUST-809528,0.51,6.07,94.19,69.8,9,56.23,2.36,Plan Change,0.64,206
11f86cfe-b94f-4be1-aa0a-7ddccfbf4fae,2025-11-06,CUST-537243,0.28,6.22,79.05,60.3,5,60.97,1.92,Add-ons,0.91,164
2ca8a1f1-8148-4741-9308-f9aaaabe6ad3,2025-08-29,CUST-616631,0.69,5.36,78.91,85.32,1,37.07,0.93,Billing,0.91,259
84bb0d69-e27e-48d2-9739-3b30c23b2f75,2025-10-03,CUST-841139,0.94,2.56,72.33,66.18,5,66.81,1.27,Usage Monitoring,0.76,202
a30cb4d4-4da6-4349-8619-b5df69b1d542,2025-08-15,CUST-537615,0.44,4.7,72,72.65,5,71.29,0.22,Add-ons,0.89,394
a8f2a65b-5888-4113-9aa3-07bafacb2b41,2026-02-21,CUST-573943,0.23,5.55,87.49,79,2,79.77,2.22,Usage Monitoring,0.83,355
dae1a407-5309-4112-a118-73f9e031ccb2,2025-10-29,CUST-520921,0.49,5.16,87.67,86.97,1,71.07,2.36,Add-ons,0.82,242
8e8b23a8-2cdb-4725-bfa1-c84070f46525,2026-04-26,CUST-359642,0.99,8.3,87.81,73.23,2,63.12,0.13,Plan Change,0.82,425
8a9e56a9-b055-4d09-a310-ba589df6c20e,2026-05-14,CUST-883078,0.46,6.06,78.71,87.64,3,55.19,2.84,Support Chat,0.92,378
3ed1b02a-50ec-4af6-9e93-75afe5e45bf5,2026-07-12,CUST-650836,0.03,3.42,94.66,69.24,5,78.74,1.82,Billing,0.85,469
ac8d8461-4675-409a-baa0-32faac6590eb,2026-01-16,CUST-448844,0.02,8.91,94.98,74.19,10,32.72,1.88,Plan Change,0.83,345
a1a66fe9-8434-41c6-b657-3194ae00c9fb,2025-08-26,CUST-568899,0.32,7,89.39,88.97,0,70.25,1.12,Usage Monitoring,0.88,262
8a8f4fe8-4092-47a2-9fac-74016e22bdb2,2026-04-16,CUST-354659,0.44,4.57,91.5,76.87,4,38.27,1.36,Plan Change,0.64,236
5975e3a3-fea4-4616-a109-cf33fcb9e16b,2025-09-14,CUST-699053,0.39,8,90.44,67.79,1,41.61,0.48,Support Chat,0.92,208
e5bb0484-9c0c-4bb0-a5be-345ffc84dd4c,2026-07-16,CUST-821275,0.48,3.23,94.72,64.2,6,68.42,0.51,Usage Monitoring,0.96,463
8adbd553-459b-4d4a-9065-19926e5c88f9,2026-03-05,CUST-269573,0.59,5.24,71.77,78,0,30.47,2.98,Billing,0.81,312
33d0b717-8260-45dd-9985-b1069550bf2d,2026-05-21,CUST-839013,0.32,8.56,79.27,63.07,8,71.32,0.24,Support Chat,0.83,454
409f9f64-18c0-453e-8352-6dfe425d241b,2026-01-06,CUST-750066,0.21,8.57,87.22,68.24,0,77.42,1.64,Support Chat,0.88,238
1602869a-8a73-4980-be29-b4bcd4b951e5,2025-07-31,CUST-735143,0.42,5.55,94.33,82.02,7,56.47,2.4,Support Chat,0.87,93
b79620ad-e5e6-40df-8dd5-5c93380c6946,2026-03-12,CUST-579319,0.69,6.57,93.3,79.16,2,39.6,0.81,Usage Monitoring,0.8,427
c1312e83-828a-4d11-8a6c-e6d1f8e9a431,2025-11-07,CUST-505554,0.24,5.27,81.58,64.78,8,47.36,2.84,Usage Monitoring,0.89,491
ea0439f0-009c-48eb-9e21-d619ace885da,2025-08-06,CUST-616249,0.91,6.88,78.66,72.69,3,72.45,0.22,Plan Change,0.99,393
3cdfbcf5-380e-4083-a2d8-ac825bb32cc2,2025-09-30,CUST-572981,0.91,1.05,93.6,89.18,5,36.13,0.18,Plan Change,0.8,190
2fb023a9-8f34-4707-857b-ee1c2bab6b89,2026-03-22,CUST-295799,0.1,4.42,72.55,77,8,54.84,0.92,Plan Change,0.72,273
3a11bc2a-e024-4837-916a-4acecbb8f796,2026-03-25,CUST-452860,0.76,9.24,89.31,67.38,3,50.2,0.79,Support Chat,0.95,355
0222fffc-f57c-48eb-adf4-326b3222d33c,2026-04-13,CUST-991920,0.95,6.1,72.08,76.59,9,78.93,1.92,Add-ons,0.77,425
3ae92253-b595-4bdd-9258-7838d76b6dfd,2026-05-02,CUST-636031,0.81,8.1,71.45,77.76,1,53.58,0.19,Support Chat,0.61,51
c372c50a-b5c0-404a-af22-a9ab54c5fd98,2025-10-24,CUST-586989,0.17,9.99,89.82,75.4,10,49.66,1.06,Billing,0.62,486
04af5f8f-3ca7-48c4-8ec0-6a1ebb86fa5d,2026-01-12,CUST-333206,0.09,1.45,78.22,71.18,1,72.34,0.82,Plan Change,0.98,479
020e77a6-a365-423e-85cc-92e91991e57e,2026-04-08,CUST-492886,0.69,4.98,78.22,72.1,9,48.58,0.9,Plan Change,0.76,338
9be8fe7c-19f3-4783-b86e-01179278dd48,2025-12-01,CUST-718121,0.6,5.97,84.9,76.74,0,33.4,0.74,Support Chat,0.77,396
4119fffa-8a11-4bcf-86f5-0f79a1556958,2026-04-09,CUST-163526,0.58,7.13,71.91,81.57,5,34.07,1.92,Plan Change,0.73,54
b1828c4a-6e6f-43c6-b2b0-c792aee5e370,2025-09-09,CUST-960815,0.85,1.71,86.92,70.39,6,38.32,2.44,Support Chat,0.68,378
4addbb87-ab2f-4e80-80be-bb99da7c34b9,2025-10-27,CUST-936976,0.85,7.95,79.19,67.67,8,72,1.53,Plan Change,0.87,468
74b5fc5f-8658-4553-bed5-924852c59946,2026-02-11,CUST-319035,0.1,9.75,81.04,67.11,0,35.78,2,Plan Change,0.62,67
34db7fc8-0b6b-4465-9192-89f4eadcedc7,2025-08-11,CUST-148221,0.29,4.97,74.82,75.22,5,40.03,1.55,Billing,0.84,303
f02b0729-fb88-4c78-8daa-66cf0d614c8f,2026-07-14,CUST-574633,0.69,7.05,73.9,74.7,2,53.11,2.39,Support Chat,0.75,157
2b0ad81c-8783-4370-989c-2f22e868d0c0,2026-02-02,CUST-345682,0.3,8.46,78.65,62.84,9,48.97,0.47,Billing,0.86,365
8b012f9f-9831-41fb-8529-887e73169249,2025-12-20,CUST-687835,0.61,2.64,86.45,86.04,5,57.48,1.42,Plan Change,0.94,394
e1d7772b-439e-456e-9eda-b2c6a956657a,2025-11-19,CUST-499549,0.83,7.28,72.41,87.89,4,58.99,1.59,Plan Change,0.95,258
5caf7a49-e82d-4eb6-b398-ee32f1613f7a,2026-06-10,CUST-192395,0.25,8.06,87.49,66.5,6,57.87,1.04,Plan Change,0.6,186
64f20727-6ccb-4659-9ea2-8ebadc1457cc,2026-06-05,CUST-916934,0.61,6.42,75.4,76.98,1,76.12,0.55,Plan Change,0.83,346
95c71b73-7d95-46d2-be76-b4d8b803e800,2025-11-07,CUST-475950,0.47,8.87,80.36,63.85,3,42.32,2.57,Plan Change,0.95,416
cebe5693-c072-465e-91b0-20a59b0ca1ce,2026-05-31,CUST-684126,0.3,7.41,71.8,74.13,0,59.39,2.64,Support Chat,0.77,409
095443bb-707a-42c5-aed1-f857e308f7c1,2026-03-26,CUST-813474,0.99,5.31,73.02,78.84,9,61.88,0.66,Usage Monitoring,0.77,54
c38ded86-f02c-4fa3-b635-18db63bdfa79,2026-03-29,CUST-147127,0.96,9.59,75.13,72.78,4,44.21,1.95,Add-ons,0.77,88
44f78704-eaad-4d82-ad2b-c0e1b26b0056,2026-01-22,CUST-469271,0.54,6.31,73.77,78,8,34.56,2,Billing,0.81,215
8b820c24-95eb-4ed5-b545-626d6828acfc,2025-10-24,CUST-648853,0.87,1.29,84.27,84.65,7,31.78,2.15,Support Chat,0.75,465
30efa5a7-121b-4212-81bc-d111c23ac85d,2026-06-01,CUST-910782,0.34,5.06,85.78,68.88,10,30.13,0.82,Add-ons,0.63,425
8ef11105-c701-4abe-a7c3-1941bdd7a66c,2025-10-24,CUST-962831,0.33,8.03,77.93,89.38,7,38.16,1.81,Add-ons,0.91,190
82ad3f01-ed3f-4d55-a132-7cfbd52f6416,2026-06-29,CUST-905952,0.96,3.71,87.99,75.64,6,34.38,0.99,Usage Monitoring,0.69,135
6ac22b31-907a-454d-a09c-408be8d2fc0a,2025-09-07,CUST-219159,0.63,8.89,80.38,74.49,10,53.88,0.55,Billing,0.74,183
93a2fb21-0871-450a-8649-bde69438f846,2026-03-04,CUST-936397,0.37,7.29,87.23,78.05,4,78.61,1.76,Support Chat,0.98,145
e323aff7-afbb-40a8-8d8a-5e0901d6e47a,2025-11-10,CUST-158276,0.77,8.08,89.4,75.18,5,33.05,2.81,Usage Monitoring,0.86,89
021d3102-13ba-408c-9649-4daa3f47371d,2025-12-04,CUST-857897,0.82,5.9,86.1,62.4,5,31.49,0.16,Billing,0.85,447
ae6b34fa-f55b-46e0-86d7-aa6760c82025,2025-11-15,CUST-904191,0.75,3.81,81.07,71.18,1,45.02,2.16,Add-ons,0.94,367
220d731e-f920-4d59-8710-d9e825f6ccf7,2026-01-09,CUST-590760,0.2,3.68,75.98,74.54,8,74.28,0.77,Add-ons,0.83,253
c3cb9639-1d99-49e3-a1a4-0d6f51ad0d64,2026-02-05,CUST-665040,0.05,5.71,82.2,81.82,7,74.25,2.67,Plan Change,0.68,387
71ade425-818a-4f6c-ae31-abf7f1e2f171,2026-05-11,CUST-870004,0.63,4,81.91,65.81,6,47.29,1.88,Plan Change,0.8,439
2e1df0b0-bb69-4d2b-b6b6-46f054178723,2026-06-03,CUST-664385,0.41,1.28,76.24,66.93,9,61.98,1.35,Usage Monitoring,0.85,117
d6fd5273-f351-4cd3-9856-e7f6c6737463,2026-03-16,CUST-803315,0.7,5.96,80.09,72.34,1,49.54,0.97,Usage Monitoring,0.84,117
60721403-6af4-4d6e-8e5d-5c484c751274,2025-12-24,CUST-441190,0.05,7.83,91.59,60.88,8,37.49,1.52,Add-ons,0.76,339
1e26f6c5-d26e-4b43-95a7-a8aa675d993f,2026-03-05,CUST-743061,0.42,9.6,70.89,89.99,2,42.12,2.08,Usage Monitoring,0.87,475
57cdc7cb-7ead-4349-a8f3-b3f7cd31835c,2026-04-06,CUST-208758,0.55,5.48,80.54,72.18,3,56.69,1.18,Add-ons,0.92,119
4a4c60d5-4690-4654-ba4e-83cdcbced48f,2025-10-21,CUST-102459,0.57,2.03,92.69,61.05,6,33.13,2.59,Support Chat,0.79,271
6e71b2dd-014e-46d3-97be-8e0d67395084,2026-03-03,CUST-177914,0.13,3.87,83.91,76.62,4,43.31,2.33,Usage Monitoring,0.66,334
35bb40e1-0548-4915-89b9-a9929b0b4316,2026-01-09,CUST-874846,0.54,3.92,74.88,69.53,9,53.87,0.37,Plan Change,0.69,136
1ab4e7c0-694c-49b6-9a0f-1e7338acfed3,2025-11-25,CUST-644406,0.15,8.82,90.29,63.06,2,42.31,1.34,Add-ons,0.88,182
af312438-c8a3-4ca0-bf2d-96c51938d137,2026-07-17,CUST-839106,0.23,6.69,90.66,82.97,1,30.27,2.39,Plan Change,0.75,264
1615f467-aa8f-433b-a90f-39e8412afa3f,2025-10-06,CUST-939140,0.91,5.49,86.09,86.22,2,56.43,1.16,Support Chat,0.94,447
4aa4f2e8-52cf-422b-9509-11958166a268,2026-03-27,CUST-789049,0.81,6.63,85.46,71.21,9,62.07,1.06,Billing,0.74,497
ae29b113-89d6-44d5-867c-96d83e87d043,2026-03-06,CUST-410117,0.74,8.52,89.08,74.67,3,42.67,0.66,Add-ons,0.7,253
6133ee89-7eda-4da2-8642-712b458c03ee,2025-11-11,CUST-210003,0.55,3.43,78.07,84.21,9,60.87,2.74,Usage Monitoring,0.9,212
d4968478-7008-4aee-885a-80c3bc042cee,2025-09-20,CUST-747995,0.84,6.1,70.23,69.99,5,74.74,2.71,Billing,0.86,415
4e23c9ef-7058-4648-897d-48d44dc4222b,2025-10-04,CUST-386659,0.15,3.79,70.98,87.22,9,34.31,1.14,Usage Monitoring,0.81,180
5fb4091f-cb75-465e-875e-5235ab9744b8,2026-06-12,CUST-969525,0.84,8.69,82.07,78.44,8,31.71,1.63,Billing,0.87,77
1be10bc0-fb83-4317-9600-b4fb37ca1788,2025-09-25,CUST-191886,0.54,5.8,87.43,73.76,8,43.16,1.11,Billing,0.67,381
9c5640ce-4192-48fc-8537-24a81a7f54ef,2025-10-12,CUST-677124,0.25,9.22,80.25,87.47,8,66.98,2.49,Usage Monitoring,0.8,372
0701bf01-e450-4aa3-b54e-384a0e844a66,2026-06-07,CUST-681603,0.66,1.85,71.19,73.15,2,46.75,0.42,Billing,0.72,452
691a2061-290e-423b-a142-b79118fc835f,2025-09-29,CUST-524090,0.61,7.04,77.85,68.28,1,31.43,2.92,Add-ons,0.99,372
96b3a69f-d1de-4be2-bef0-65a00a6f0e0e,2025-10-13,CUST-466298,0.66,6.56,91.26,66.2,2,51.35,1.11,Support Chat,0.75,350
f725e414-d92e-4991-9233-fb4f58dcd35a,2025-08-14,CUST-141054,0.09,9.32,87.77,78.64,6,54.44,0.3,Billing,0.83,208
b9459cf9-6571-4d2f-b736-566514eb0961,2025-10-12,CUST-517867,0.7,6.67,74.96,60.84,3,50.53,0.26,Add-ons,0.99,203
dcb0b8ad-af51-4203-8513-c3319658f896,2026-02-11,CUST-195036,0.54,1.04,91.92,84.01,9,41.43,2.78,Usage Monitoring,0.95,381
67fe15ed-1d9f-4565-a463-c53ce9c19264,2026-04-26,CUST-766456,0.49,7.26,90.22,71.82,6,56.04,0.81,Plan Change,0.77,168
0dfd2510-6b4c-48db-ac96-c3f5a66e0c70,2026-05-28,CUST-684287,0.52,8.66,74.54,63.55,0,69.51,0.75,Usage Monitoring,0.87,65
97cec520-444b-4cf0-98c8-c0d0c265db36,2026-07-05,CUST-730136,0.35,6.69,79.09,79.29,5,62.58,1.29,Plan Change,0.94,279
b77a40ec-4a76-4d47-8884-5532868c7627,2025-11-03,CUST-987839,0.71,5.66,85.52,84,8,78.91,1.75,Plan Change,0.8,139
18aac257-bce5-4cbf-8462-1303ca5dc93c,2025-12-22,CUST-995356,0.49,6.48,70.41,83.65,9,77.88,1.78,Add-ons,0.78,152
974e0013-29a5-4e88-b023-2da586a702fe,2026-04-20,CUST-664179,0.75,9.44,73.06,75.94,4,57.79,2.17,Plan Change,0.72,190
6ace239f-6b98-43a4-8921-3d61432c446c,2026-07-10,CUST-144146,0.25,9.93,90.37,73.85,4,34.18,0.5,Support Chat,0.9,205
4c98d9ad-0b4e-4278-8f15-0d302f84e01c,2026-05-31,CUST-754581,0.19,9.74,74.74,60.31,4,38.73,2.5,Add-ons,0.73,353
e094106b-ac06-4aa7-8434-b1f82ebc5c86,2026-03-19,CUST-400164,0.44,3.65,74.5,89.75,0,43.94,1.49,Billing,0.84,81
0498d796-9449-406c-9d72-5cf824e20c82,2025-08-01,CUST-184728,0.61,7.4,76.43,68.62,4,75.1,2.53,Support Chat,0.88,87
a70a3495-a46e-4637-b43d-65c4c7c772d5,2026-01-10,CUST-339858,0.63,8.67,92.94,64.71,4,51.45,1.39,Support Chat,0.64,135
8adb25a8-39f6-4bb3-ad59-ec8db6ea143b,2025-10-17,CUST-136030,0.67,7.15,90.58,83.56,9,78.37,0.84,Support Chat,0.98,486
2aa6aaa7-71af-4491-988b-50dc47b6c841,2026-07-03,CUST-491229,0.78,3.96,70.71,68.09,4,53.06,0.49,Add-ons,0.64,477
6a57493c-e612-48cf-8367-044324107746,2026-07-02,CUST-834789,0.67,1.23,71.09,70.49,4,71.28,1.86,Add-ons,0.8,265
52d33ba6-2583-4dc0-84b9-b20bcb763e20,2026-06-17,CUST-261704,0.43,2.43,78.13,86.64,6,45.53,0.17,Billing,0.69,273
96b8b3cb-2c14-4faf-8a4d-b2640f4867cc,2025-08-18,CUST-351999,0.22,9.3,88.97,86.68,3,37.39,2.04,Support Chat,0.7,158
90d3bc39-d31a-45df-9feb-282507649658,2025-10-30,CUST-659373,0.14,3.9,89.04,78.91,10,60.87,0.36,Plan Change,0.73,149
fcbc6277-0738-47b4-9cf2-8b8724769d4d,2026-06-12,CUST-887698,0.59,4.2,91.41,61.24,5,77.9,1.56,Usage Monitoring,0.83,415
caeb739b-9ae9-46a6-9bb2-12f9c801ee85,2026-01-13,CUST-690876,0.7,5.44,87.65,76.31,5,34.71,1.16,Billing,0.92,341
e82fe4db-e84a-4a32-b918-c05558fb305d,2026-01-30,CUST-892408,0.28,1.94,71.66,68.86,6,71.16,1.77,Plan Change,0.95,386
c7a1a87d-05ad-4c3e-92fb-0af3351bf1ce,2025-08-18,CUST-484060,0.25,2.82,83.65,83.83,7,72.57,1.73,Support Chat,0.65,422
c2b81d67-bb19-4b20-9b8e-08eb0b00c0f2,2025-10-22,CUST-858638,0.6,3.17,77.71,65.57,3,79.51,1.78,Plan Change,0.63,96
0f8a6859-7d99-483e-b38a-7acb4714b091,2026-02-13,CUST-496130,0.91,8.99,75.46,72.06,4,51.65,1.66,Add-ons,0.67,467
88d9d3cc-dda0-4d84-ae93-2450d8cc1ccd,2026-04-29,CUST-750929,0.98,8.25,72.14,86.14,6,68.12,1.43,Add-ons,0.87,268
b94b3feb-db48-4d19-a573-67d636cd6ddb,2026-07-05,CUST-586664,0.43,1.62,84.77,89.11,9,34.13,1.4,Add-ons,0.86,334
482ec659-60a3-4f50-8344-0ecf9e5cd411,2026-05-07,CUST-312062,0.69,5.42,90.55,71.38,4,66.88,0.24,Support Chat,0.83,84
dce1586d-3115-4d13-8d96-73a85a47bedf,2026-02-27,CUST-161738,0.99,9.45,89.54,77.28,3,72.3,0.3,Support Chat,0.97,242
cc194556-04dd-47fd-9257-43e4c0ad24bb,2026-06-19,CUST-399730,0.64,2.12,85.55,82.22,8,79.3,0.67,Billing,0.99,189
0ca89b61-8833-4c6d-8b1a-df10a4ab1a80,2026-04-11,CUST-976051,0.55,6.14,86.33,74.82,2,71.65,1.07,Billing,0.84,429
1874dff2-a6de-41ae-96d6-4b369acab28a,2026-06-03,CUST-863569,0.84,2.73,73.4,87.72,6,37.62,2.16,Usage Monitoring,0.71,496
4267a104-eabd-462e-b730-9736a9a5f145,2025-10-24,CUST-397632,0.48,6.87,94.9,89.06,2,69.68,1.71,Usage Monitoring,0.9,126
1c7f0b18-7ae5-46fb-8d97-a754d51bb8fd,2026-02-22,CUST-668592,0.81,6.62,91.78,72.73,4,55.52,0.92,Plan Change,0.74,183
2398e7a8-4397-49ed-906c-89e3c519d774,2025-07-28,CUST-269706,0.33,7.66,82.81,60.67,10,34.75,1.5,Support Chat,0.86,128
8b603636-87f6-472f-9342-c509bb4d215d,2026-04-26,CUST-205175,0.22,4.57,76.68,80.91,1,77.24,0.37,Support Chat,0.92,347
4cbd2327-9d86-4c46-a03f-4771aeebd51c,2026-07-24,CUST-993176,0.5,4.82,75.78,77.69,2,78.59,2.36,Billing,0.68,311
f13ad4f3-6d7a-41f2-a3bb-4671e0ab08b8,2026-02-04,CUST-591613,0.27,1.2,73.52,80.02,2,66.94,2.27,Billing,0.68,116
56540af1-dd6e-4d67-9e1f-549085b2a629,2026-06-29,CUST-472221,0.51,3.61,93.86,66.43,8,31.99,1.77,Plan Change,0.72,396
27bdc738-1b39-46fd-9acc-71c6aaac61b2,2025-09-14,CUST-874451,0.13,7.19,90.02,88.68,7,59.69,0.87,Billing,0.89,484
4a1c5b29-811d-47ed-82ae-00c1143102f1,2026-04-02,CUST-504791,0.26,6.68,82.38,73.14,7,53.13,0.24,Plan Change,0.97,166
c60dca22-8bd5-43c7-a3fd-f2580c7993f1,2025-08-06,CUST-634112,0.4,2.99,88.23,85.52,0,43.18,2.95,Usage Monitoring,0.66,102
603538dd-13df-4429-8c1a-df2620b10e67,2026-07-03,CUST-698231,0.87,3.14,74.47,67.05,1,63.76,0.17,Add-ons,0.83,268
83c9d4a4-886c-4571-8fbc-ba468ffd7370,2026-01-19,CUST-882704,0.29,7.18,73.16,75.76,8,37.05,3,Add-ons,0.99,459
73c5a405-3173-4756-9a92-f2e6a8be12c7,2025-12-22,CUST-912895,0.8,6.87,93.4,71.13,6,61.52,0.52,Add-ons,0.78,467
755cd846-15f3-432d-863e-9ae32ac372c8,2025-08-02,CUST-652158,0.53,5.15,86.39,80.33,9,65.62,2.31,Add-ons,0.64,364
c7cc8734-5619-4310-9d90-58a4fdb4f3c2,2025-10-02,CUST-903701,0.71,8.83,73.92,80.61,2,62.11,1.33,Plan Change,0.93,231
0c0c725a-3030-4086-a9b1-5aa438565cbb,2026-01-16,CUST-247867,0.63,2.71,73.46,66.7,2,47.77,2.72,Plan Change,0.65,435
3170cf6f-3b68-40c0-a375-33b4de7d9449,2026-04-15,CUST-474673,0.62,3.21,76.05,82.21,8,51.05,1.47,Plan Change,0.95,424
b93fc359-1e37-4bdb-9ab7-3354a5d8e980,2025-11-21,CUST-100742,0.68,4.76,92.78,64.05,2,71.25,1.92,Plan Change,0.83,86
ad7bb0fd-ff7b-4470-bd8f-1aea44899e43,2025-10-20,CUST-394286,0.59,9.09,73.67,72.37,7,35.25,2.18,Billing,0.93,231
38140217-1d1e-4a21-983a-de4e8a4ffe93,2026-03-25,CUST-843215,0.2,5.93,92.54,87.13,5,45.52,0.12,Usage Monitoring,0.75,216
e539fb59-411e-4dc9-87eb-1ecd212f0ffd,2025-12-27,CUST-967195,0.43,1.56,91.92,62.27,9,41.11,2.72,Plan Change,0.8,358
ea50541f-5e3b-46f1-b021-96f2283c357e,2026-01-08,CUST-405797,0.67,9.82,94.31,71.45,9,46.25,0.35,Plan Change,0.95,237
c32a262b-cf42-40a8-ba1f-6a0e5cbb7605,2026-06-30,CUST-198739,0.69,4.36,78.15,74.55,8,39.25,1.17,Add-ons,0.91,354
01b0d84e-24e8-486d-9ee5-97f699aa3836,2026-07-13,CUST-380763,0.58,7.42,94.14,67.5,1,77.82,0.28,Add-ons,0.77,373
3e3b22b6-5116-4646-889b-9ca7ef2aa165,2026-02-06,CUST-392439,0.75,2.81,90.94,80.3,5,57.13,1.72,Support Chat,0.8,362
cfdfc03b-9d3e-4486-b349-4046fa2c7bda,2026-06-09,CUST-193184,0.99,2,72.96,77.02,8,70.43,2.74,Plan Change,0.94,67
7ab12a33-915e-4815-a496-29cb223fee3d,2026-02-20,CUST-669376,0.97,1.48,93.79,76.83,2,46.91,1.52,Billing,0.78,324
e3599113-8e17-4e3a-a53f-9b3ceb5a9ef2,2025-10-15,CUST-191039,0.8,9.36,77.08,67.52,8,68.22,2.97,Add-ons,0.69,209
a3e30b39-42e0-4068-aa3d-090947c783b3,2025-10-29,CUST-787260,0.09,6.79,86.38,74.61,7,63.09,2.99,Support Chat,0.63,123
bf698eaf-9401-4b3d-b256-9eae40557b4d,2026-03-16,CUST-365127,0.65,5.89,77.11,84.25,6,70.93,2.21,Add-ons,0.74,498
63452b65-5655-4833-99d5-e7ede9e6c77d,2026-06-06,CUST-372471,0.42,2.45,71.74,71.04,8,52.13,2.4,Plan Change,0.96,101
ebc58938-3e35-4497-952e-84b7db4ad7ee,2025-10-01,CUST-689429,0.33,7.22,82.37,81.61,2,35.65,2.79,Plan Change,0.89,122
035d574e-4d88-406e-869d-f14a6628d8bb,2026-05-07,CUST-205441,0.11,9.26,76.08,79.19,3,34.48,0.32,Add-ons,0.96,245
e091eaa5-831a-48a3-bd72-759f41bee77a,2026-07-20,CUST-990672,0.34,8.53,92.12,82.91,8,58.65,2.73,Plan Change,0.67,360
94815f44-964c-4630-a794-3aa9049538aa,2026-02-10,CUST-908488,0.95,8.21,92.53,71.5,5,74.55,2.51,Usage Monitoring,0.73,310
b14a59cf-3915-407d-a63f-fc7fcefbd192,2025-09-27,CUST-154107,0.85,5.83,71.32,73.56,5,49.91,0.44,Billing,0.7,143
e7db7d6c-05e9-4966-9be9-b4f0ec7f8ea9,2026-02-14,CUST-877769,0.89,1.87,87.35,65.04,0,41.45,2.55,Billing,0.92,76
97ecb363-7339-43e1-9353-10b2654239db,2025-07-29,CUST-109133,0.14,1.55,85.27,73.08,4,76.12,2.11,Billing,0.82,230
3372e7a2-6bbc-4fb0-8033-5fa6a60805dc,2026-05-11,CUST-714694,0.85,3.15,90.79,88.93,8,79.6,0.62,Plan Change,0.97,408
35ae4135-d8b7-42f1-9019-0e847779b4ee,2025-11-17,CUST-173783,0.14,6.4,90.53,87.36,1,55.91,0.9,Plan Change,0.76,165
e97e0608-4a0e-4d94-876d-62a77ef6fac2,2026-01-04,CUST-102030,0.17,8.31,75.88,61.73,4,75.01,0.57,Billing,0.92,462
f4cbb4ee-631e-4b54-b9dd-26bf3e75027f,2026-05-01,CUST-209236,0.32,6.58,84.01,87.25,10,72.19,2.51,Billing,0.98,293
b8a1302b-4adf-4170-b4f2-eb14d372a74c,2025-09-11,CUST-135281,0.91,1.48,87.46,77.13,5,56.94,2.31,Support Chat,0.8,469
d5060b2d-1082-4c6a-9d11-104309736afb,2025-10-29,CUST-713265,0.64,4.41,83.1,88.93,5,59.57,2.85,Support Chat,0.79,73
18613bd3-b8ec-4688-8e11-048cc44856c7,2025-08-29,CUST-442494,0.1,2.46,70.75,72.87,2,54.35,2.72,Billing,0.87,146
d6dd0f5d-20de-4745-a1f2-0a002bf2544b,2026-01-29,CUST-474787,0.48,3.99,85.77,77.31,2,69.74,1.56,Billing,0.8,197
e227051d-82bf-4c33-8f5e-200603c7e93a,2025-09-14,CUST-728827,0.71,1.28,80.66,69.07,1,67.53,2.83,Add-ons,0.81,199
542cbda5-2e3b-4f72-84c3-5374707653a8,2025-07-31,CUST-920986,0.3,6.33,71.5,84,8,58.32,1.87,Usage Monitoring,0.97,192
0407d5a2-d36a-4c18-a5e6-15b15e1796da,2025-10-19,CUST-909593,0.6,6.03,83.85,60.99,9,65.32,0.24,Usage Monitoring,0.83,169
ec60cd1f-e787-4bef-a3fe-5234f2f2d06d,2026-01-15,CUST-282356,0.03,3.12,84.22,84.28,7,37.98,2.42,Usage Monitoring,0.75,156
7019cf09-57d2-4804-88ba-9fe3ce2b8049,2025-09-25,CUST-738500,0.86,9.81,86.4,80.55,4,42.58,2.62,Billing,0.88,240
bc24b766-13ee-4de5-a3c2-3e9c6466aac3,2025-11-24,CUST-696599,0.39,3.7,87.09,75.61,6,43.11,0.87,Plan Change,0.87,493
a85d6701-f4e7-4c7a-8a56-1f0e963ace2d,2025-10-01,CUST-930103,0.34,2.96,78.39,65.02,7,71,2.95,Billing,0.73,96
c41aa1d3-b8c0-4885-a0c7-38ae9e0b3ba6,2025-10-05,CUST-164614,0.56,4.64,77.84,86.01,4,76.05,2.98,Add-ons,0.87,332
6d17ddec-b158-4292-86be-27b93877fb0c,2026-04-29,CUST-959799,0.92,9.85,90.65,71.5,1,62.07,0.23,Support Chat,0.75,442
9bf1d23a-a447-4d9b-886b-a855d43df467,2025-12-28,CUST-783489,0.88,3.37,89.12,68.52,3,79.66,2.1,Billing,0.93,216
439cc5f6-cc4a-4491-b255-e6c555a797fa,2025-10-06,CUST-105234,0.24,5.64,85.86,64.29,3,53.22,2.01,Support Chat,0.68,182
6eddd180-73c2-4acf-9486-0fba84f4004d,2025-08-03,CUST-691782,0.24,1.07,83.75,82.02,9,32.6,2.8,Support Chat,0.9,182
b3958398-9c32-47fe-a556-670935f419f7,2025-08-05,CUST-449761,0.37,4.28,73.91,64.31,4,54.63,1.44,Usage Monitoring,0.71,229
ddde1401-122c-49d5-b97b-140ef1a8659b,2026-04-10,CUST-513426,0.75,3.94,94.55,62.52,2,72.29,2.17,Billing,0.61,375
599ddcc0-4faf-4c96-8169-a18a580d704d,2026-02-26,CUST-142313,0.98,4.77,94.46,83.36,9,62.15,2.13,Add-ons,0.99,138
94b92103-d9b6-4e4f-b784-8e435edb0dcc,2025-09-19,CUST-370914,0.98,8.98,74.47,84.31,5,71.51,1.39,Support Chat,0.64,86
7636cd05-8f6a-46ef-bd0c-97aa8baeed67,2025-07-26,CUST-470074,0.49,3.89,70.39,74.16,6,43.53,0.15,Plan Change,0.75,301
1f0d2441-5b16-4d26-817a-5a30f279275b,2026-02-19,CUST-891671,0.97,8.55,85.13,77.99,5,67.72,1.23,Usage Monitoring,0.9,392
dd01eae0-d927-4491-ab09-cddb496b76fc,2026-04-19,CUST-486517,0.42,5.04,89.13,84.15,1,47.85,2.83,Add-ons,0.72,351
20ccc4fc-a8ab-4897-b210-aaa2d7838416,2025-08-28,CUST-847825,0.72,1.43,70.25,63.27,9,38.36,0.86,Usage Monitoring,0.76,327
19ce9438-102b-495a-86f4-2466042b5a5f,2025-10-14,CUST-996705,0.32,9.21,85.01,85.51,4,58.96,0.88,Usage Monitoring,0.64,333
49c31a73-4900-46f6-ba66-09b92729b35c,2026-04-08,CUST-330379,0.39,3.32,76.71,64.22,1,63.38,1.26,Plan Change,0.83,276
b871a35d-a5e7-491e-8928-5eb652ae7ab8,2026-07-18,CUST-417198,0.51,1.64,72.47,73.83,3,59.13,0.46,Add-ons,0.94,242
c2000688-b1c0-4c4b-828b-83ce79422557,2025-08-29,CUST-740495,0.95,2.18,85.29,75.62,1,35.79,0.23,Billing,0.69,446
048c2ab2-b51a-41ab-997a-10488b955f51,2025-10-30,CUST-927672,0.62,7.43,73.83,74.08,1,32.83,1.99,Add-ons,0.83,462
26940054-75d4-48c9-93fd-cf297410373c,2026-07-19,CUST-169730,0.26,7.2,92.71,70.61,5,57.37,2.21,Usage Monitoring,0.94,93
1d397c37-0cce-4934-9fa2-106d3c750d78,2025-11-27,CUST-952542,0.04,3.56,70.81,75.9,10,60.35,0.9,Usage Monitoring,0.99,54
e906263f-5869-4368-bb84-641dcd3c5e86,2026-02-26,CUST-472138,0.68,2.62,88.15,67.87,5,73.97,0.22,Plan Change,0.93,253
ac72abd2-1df1-416d-a521-6a865867e3bd,2026-06-09,CUST-488283,0.9,5.38,79.9,60.04,10,59.84,0.56,Plan Change,0.72,111
c5281033-41ac-408c-befd-a8833c0a6fa1,2026-03-08,CUST-379861,0.71,5.52,81.55,75.06,8,67.78,2.44,Plan Change,0.71,424
50b0ad69-85c1-4ccd-95ed-424bc1716a10,2025-11-22,CUST-242417,0.39,4.34,76.39,72.54,5,43.68,1.41,Plan Change,0.85,107
3da2ca05-88b9-428e-8bfa-5bddcf7f8a86,2026-06-04,CUST-197976,0.86,8.36,93.24,64,4,60.9,2.44,Add-ons,0.9,405
14038677-956b-4b2c-9c46-c8d5dedb0d18,2025-11-10,CUST-272699,0.63,3.67,86.46,60.24,4,64.51,1.23,Plan Change,0.98,156
7f260812-ece9-4517-a1a5-7024e6baf43d,2026-03-06,CUST-186732,0.95,3.65,71.99,67.22,8,77.77,0.15,Usage Monitoring,0.88,342
e487303c-e12f-4ba0-a755-145b59c8f69f,2025-08-06,CUST-513633,0.37,8.56,82.4,79.3,1,44.87,2.55,Support Chat,0.89,330
b321e7cf-e585-412e-a6c5-81e2982b376a,2026-04-05,CUST-565303,0.44,1.9,88.63,67.88,9,33.42,2.39,Billing,1,472
10931a61-d812-4431-999e-00897d7bc1d0,2026-04-03,CUST-362294,0.17,2.71,91.27,74.52,7,72.31,1.41,Support Chat,0.77,390
66c5609c-7c31-49ed-af65-02a30c69b6f4,2026-06-24,CUST-716127,0.3,9.38,82.27,86.39,3,34.83,0.37,Billing,0.99,438
e63a6302-5b85-497d-8db3-cd01782d3df8,2025-12-08,CUST-292488,0.37,2.19,86.17,74.68,9,67.41,0.44,Usage Monitoring,0.91,466
23ac8ba5-6dce-4276-820c-d09b44361ea2,2025-08-19,CUST-566711,0.82,7.14,85.82,61.52,1,73.27,1.1,Plan Change,0.81,208
de09d9f2-3c30-428f-b5da-a043ff6a7793,2025-08-22,CUST-711305,0.8,3.82,89.42,85.42,5,77.05,2.33,Support Chat,0.84,434
01bd3d9d-5e5b-4ce2-b90e-65ec4f572dad,2025-11-05,CUST-432440,0.09,3.64,80.98,62.25,10,40.01,1.84,Billing,0.78,389
e6fd7cb1-938b-4747-947a-acc88abf49b1,2025-08-09,CUST-737816,0.81,6.09,91.85,68.7,8,68.9,1.65,Billing,0.82,99
3b726615-930b-44f3-a294-a5de83b5f0b0,2025-08-07,CUST-328133,0.28,4.33,70.47,77.1,4,39.53,0.46,Support Chat,0.76,67
3764bfe4-5fd1-48ff-8374-28fc620f7008,2026-06-18,CUST-736964,0.94,1.18,82.7,80.3,2,71.79,1.29,Support Chat,0.98,437
67889b3d-fdd1-4bd1-a1df-278282440675,2025-09-27,CUST-481027,0.49,5.56,93.01,72.28,6,74.26,0.57,Billing,0.96,429
0b26eb33-e84a-4dce-aeb7-89a47f6885d9,2025-09-22,CUST-221020,0.18,3.11,72.34,66.92,3,52.36,1.48,Support Chat,0.74,345
00f96d02-7138-4ccb-9167-fdbf5f4ca55d,2026-04-06,CUST-790311,0.85,3.99,76.59,65.81,3,69.64,1.7,Billing,0.69,400
ab8de85c-1d76-48e3-b0e6-4681093331b7,2025-08-15,CUST-583438,0.71,6.48,90.53,86.61,5,49.81,2.69,Add-ons,0.62,476
6a0628a8-24e6-44a0-8a09-0d1db1c51160,2026-02-28,CUST-416142,0.34,5.04,86.01,62.21,1,74.56,2.76,Support Chat,0.82,451
7c5cac1d-9a1f-4877-8aa1-586dc69fb5be,2026-01-09,CUST-711968,0.02,9.62,81.77,65.03,7,74.76,2.64,Plan Change,0.64,167
7fa3229d-d35a-40e0-a5ea-8c90b48f1c13,2026-01-19,CUST-530046,0.97,5.73,76.45,68.58,9,31.85,0.28,Plan Change,0.82,422
a02629f7-6780-423e-b14e-00207b80cd5d,2025-10-13,CUST-557745,0.97,4.53,78.97,70.22,5,33.45,0.89,Usage Monitoring,0.73,492
6bade0ae-bfec-4529-bce7-78dcc6cc163c,2026-01-18,CUST-985283,0.5,5.24,73.93,72.29,6,56.44,1.47,Support Chat,0.97,407
49a6b7cb-1a9f-4437-b782-00f2b57e0d27,2026-02-18,CUST-752215,0.09,6.2,80.12,83.92,9,39.49,1.16,Add-ons,0.76,392
27e949a7-9618-46c0-8874-dc7f2599ee97,2025-10-28,CUST-655753,0.96,4.86,83.6,87.01,9,58.86,1.03,Add-ons,0.76,334
918d91b3-f474-4ad8-aeb2-36b79e31f69b,2025-09-26,CUST-128120,0.84,1.49,73.99,71.62,2,49.98,0.48,Billing,0.68,109
3b8c0128-a46c-452e-b26b-a73ca0834338,2025-10-30,CUST-458258,0.36,2.33,85.22,67.79,4,51.73,0.65,Support Chat,0.87,95
f78337c6-21f9-4841-9815-476b64f65557,2025-12-12,CUST-886750,0.06,4.21,87.28,62.23,6,66.28,2.02,Add-ons,0.89,111
4ddc2fa8-8304-4505-91d2-7f1ea2f60e05,2026-05-01,CUST-179966,0.91,9.12,70.85,60.33,9,41.51,0.23,Billing,0.77,186
b742380f-af8a-4377-bb7a-3c64ec11ba34,2025-12-27,CUST-112177,0.89,9.1,76.53,88.61,7,65.73,2.02,Usage Monitoring,0.75,161
bf695b76-3196-4f4a-8f8d-8670440992c5,2026-06-06,CUST-775586,0.29,6.93,83.07,63.32,8,48.52,1.17,Billing,0.81,323
1963a15c-a97c-429c-9d2c-7e156b2d8129,2025-12-31,CUST-624109,0.04,1.81,71.15,70.14,3,78,2.56,Add-ons,0.77,497
936bb96e-25a2-472a-9f7c-30179cee3372,2026-02-20,CUST-310051,0.02,7.67,90.81,62.25,9,70.45,1.41,Usage Monitoring,0.64,362
c5807233-3903-4108-baf2-2282f3093834,2026-07-20,CUST-614140,0.06,9.56,89.47,64.62,5,44.59,1.83,Support Chat,0.65,492
f6422582-5748-43c4-8e9a-eafecb09b2a1,2026-07-21,CUST-965177,0.28,8.04,87.45,88.84,7,57.86,1.92,Usage Monitoring,0.87,331
e8546063-c16d-43f0-8ad5-339aa5a307f9,2026-04-18,CUST-549396,0.09,4.49,91.61,66.92,3,47.71,1.73,Plan Change,0.8,433
e88909d2-e3e2-48f7-a46a-8f857f27c637,2026-03-19,CUST-624453,0.59,1.61,77.02,82.92,0,67.32,2.25,Plan Change,0.69,93
152122bb-9f09-4a63-96d2-1ae026b31399,2026-04-19,CUST-263919,0.79,4.16,93.56,61.52,4,71.84,0.9,Add-ons,0.95,61
93633c71-9abf-4bba-8667-4504d498e889,2025-07-29,CUST-155121,0.89,4.47,83.14,85.59,0,68.1,2.3,Add-ons,0.7,270
66845efc-f392-4b1f-8b2d-db33ad36e458,2025-11-16,CUST-248932,0.25,7.05,86.9,62.62,3,58.24,1.73,Add-ons,0.91,97
bafd6370-2fc1-4a2b-a978-f42eff87832b,2026-03-02,CUST-797748,0.48,9.49,76.76,72.99,7,38.99,0.21,Add-ons,0.87,416
c32e2a1e-c720-4701-b7b1-7f88fb2c4c34,2026-06-06,CUST-934965,0.09,4.79,85.92,86.66,0,43.86,1.1,Plan Change,0.89,192
b5e2bdc8-603f-445b-8cd5-8bf47ac7c274,2025-09-07,CUST-165276,0.81,9.51,70.14,71.58,6,58.01,0.93,Plan Change,0.7,168
67363d35-241f-453f-967e-43d902d6e3ec,2025-08-13,CUST-832259,0.25,7.23,79.56,81.38,2,38.22,2.2,Support Chat,0.74,418
d130ddd6-689c-4df7-9fb3-7ba59f4d1a85,2026-02-19,CUST-485283,0.77,3.8,86.44,68.54,5,63.76,1.92,Usage Monitoring,0.79,127
866f397d-e89e-43c3-ad1a-1e423d19565a,2026-01-30,CUST-702983,0.3,8.56,91.58,63.71,8,70.1,2.94,Support Chat,0.83,119
14e9e95c-9503-491d-adaf-49db67d3eddc,2025-11-22,CUST-313791,0.32,4.34,90.97,74.82,8,37.06,2.21,Usage Monitoring,0.91,289
c6e177e0-678e-4280-87c1-7c5e1ce24c75,2025-08-03,CUST-704972,0.75,2.32,72.53,61.69,4,48.36,0.31,Support Chat,0.89,290
ea01b8be-2810-478a-a457-c92d5c9b0ca1,2025-10-09,CUST-999359,0.41,8.94,75.4,75.3,8,74.51,1.9,Usage Monitoring,0.64,403
80524de2-050c-4215-b097-85510b3bd7d6,2026-03-16,CUST-782257,0.48,1.52,85.73,88.88,5,76.17,2.21,Add-ons,0.96,115
fdaf21e9-291f-4b64-abe6-64f8694c6d27,2026-04-23,CUST-543807,0.64,2.95,92.02,89.68,4,66.26,2.19,Add-ons,0.65,368
ad7bc6c2-3dbd-41eb-882c-532741d20d78,2025-08-17,CUST-378275,0.92,7.19,94.25,87.9,8,54.32,1.83,Billing,0.96,107
a83347d9-366a-4599-9a06-07a51d458f6c,2026-06-20,CUST-566161,0.14,8.58,70.27,87.48,0,47.28,2.68,Plan Change,0.7,92
2657674f-4c4a-4b2f-b24a-c1eaf4cd6b2c,2026-03-24,CUST-172629,0.31,2.34,77.57,67.08,7,41.76,2.05,Add-ons,0.69,212
4790d209-e0bf-4e56-8896-57616cef3905,2025-12-26,CUST-803813,0.98,3.68,75.61,89.53,4,45.93,0.77,Plan Change,0.74,141
ebf67f50-5432-4f7c-99ef-b8b6eeea4ddd,2025-07-25,CUST-541588,0.48,9.94,72.89,76.23,2,75,2.28,Support Chat,0.95,293
b2e18876-d98e-44b8-abda-d3f8daddae45,2026-03-15,CUST-164037,0.82,3.15,80.36,76.55,2,33.13,1.73,Usage Monitoring,0.82,326
238c1d22-20f3-4610-9d50-75336450c85a,2026-07-08,CUST-503882,0.71,5.07,88.95,66.33,5,66.51,2.26,Plan Change,0.65,382
f708c7ec-1ec6-44c8-84be-75293c443c81,2025-09-30,CUST-457593,0.38,7.3,85.12,65.44,2,48.99,1.29,Billing,0.76,240
89b64bd2-5679-4b2f-a407-ed08a6b71bc2,2026-07-10,CUST-531413,0.64,8.38,86.8,81.71,1,34.87,1.21,Add-ons,0.97,236
bb51b5b9-dcb5-4c1f-a525-0bbec5ea5239,2025-11-22,CUST-169383,0.8,2.25,85.08,76.51,7,57.1,2.19,Plan Change,0.81,482
231137e7-e858-4c5c-908d-aaff03966f95,2025-10-31,CUST-750890,0.35,6.84,76.94,78.19,8,31.35,1.37,Usage Monitoring,0.64,473
802c31a6-5212-472f-96d2-40458e6c01bc,2025-10-07,CUST-723387,0.82,6.34,90.64,67.56,4,41.43,0.1,Plan Change,0.95,87
16154b42-bbdf-48d4-bceb-c936ca21f818,2025-07-26,CUST-316284,0.38,4.87,86.56,80.5,3,55.56,1.38,Usage Monitoring,0.69,197
a5deafbd-1337-4e3c-a88f-81b7f96cb622,2025-11-19,CUST-903308,0.8,3.97,83.67,83.71,1,34.4,0.97,Billing,0.82,405
d35dc1ad-1fd7-4407-8a26-e4232954e392,2026-02-28,CUST-362188,0.98,1.89,93.92,73.61,8,31.8,0.19,Add-ons,0.9,278
59321ca8-475b-4295-8629-e5bbca90f352,2025-11-24,CUST-270007,0.14,6.32,80.23,67.95,0,35.33,2.75,Add-ons,0.84,467
1b244e0a-a22a-4136-ac5c-8b02381f6d57,2026-04-11,CUST-634280,0.63,2.8,91.8,87.3,0,52.76,1.29,Plan Change,0.77,62
643ceb9e-b310-4fae-9c83-b74d8e37010d,2026-05-03,CUST-615719,0.66,2.64,93.89,77.95,3,44.25,0.45,Billing,0.65,118
89647758-abc4-4af4-b16e-fcff15451397,2026-05-14,CUST-396974,0.12,7.9,89.55,70.12,0,54.25,1.01,Billing,0.8,344
492f29d0-c243-46dd-b07d-7bcd0d12a99a,2026-03-05,CUST-659992,0.93,7.45,75.89,73.61,8,71.89,1.32,Plan Change,0.75,222
81072cb1-b428-49c7-a7df-909358f4183d,2026-05-23,CUST-563698,0.88,2.58,81.97,84.8,4,79.36,2.32,Add-ons,0.75,103
e80be37a-0684-4183-b115-c3f14a946d7b,2026-01-30,CUST-303366,0.73,9.22,72.87,69.5,4,50.27,2.13,Support Chat,0.81,70
0a409537-5058-435e-9834-8baf64bbeb2a,2025-08-30,CUST-713725,0.51,1.76,73.3,88.33,2,40.14,2.68,Add-ons,0.9,386
5e44cf37-4f41-4788-a3b6-2721c9fba62f,2026-01-06,CUST-101275,0.13,8.65,94.56,61.76,9,74.71,1.42,Usage Monitoring,0.7,466
2fd93df3-12c9-4f72-a21c-bbf114cee36b,2026-07-13,CUST-504426,0.42,3.85,84.8,74.11,6,73.73,1.29,Usage Monitoring,0.71,278
992375dc-84f2-47fd-b5f9-9f4eb6e566e2,2025-10-24,CUST-687490,0.93,9.3,82.8,89.37,7,47.14,0.15,Billing,0.85,352
9f92effd-f33d-48cc-92ef-283bdffedff6,2025-10-05,CUST-494108,0.92,5.24,83.39,89.88,2,39.09,0.48,Add-ons,0.94,91
3330fd4b-22cb-43e1-8af1-cc1d917b8069,2025-08-03,CUST-876475,0.03,8.79,93.9,81.8,9,49.84,2.64,Plan Change,0.84,352
2be694f1-6169-405f-86e2-b584c82bc6c3,2026-01-10,CUST-166214,0.62,3.85,89.08,84.43,4,67.08,1.14,Plan Change,0.98,82
47267786-3479-47fa-be1a-964572a06da9,2026-01-25,CUST-912825,0.34,2,71.5,73.25,9,36.38,1.8,Usage Monitoring,0.67,209
d3a4a0d8-dea8-45c5-afb4-c4f53bdefdb3,2025-09-27,CUST-355400,0.11,4.4,72.04,89.33,8,73.73,2.75,Plan Change,0.71,206
3aac12e7-52ce-410a-a26c-3e2efed11cb5,2025-12-16,CUST-834276,0.73,3.81,87.5,61.66,0,51.87,2.14,Add-ons,0.92,324
69c6ef2d-243a-4566-bf98-99e4aa44ea31,2025-11-22,CUST-810976,0.66,4.02,77.45,67.84,8,30.85,1.21,Plan Change,0.77,52
513a9646-c1ac-4d5e-878d-11778636a53a,2025-07-31,CUST-120349,0.39,9.55,89.13,61.68,6,49.5,2.78,Billing,0.87,149
b188dddc-dead-4136-aba7-0bccbb83627d,2026-03-04,CUST-230475,0.2,3.25,78.14,74.53,5,49.46,0.54,Usage Monitoring,0.95,399
e15efdcf-bb61-4e30-8aea-86ca2eb03118,2025-08-13,CUST-346291,0.67,5.03,87.31,67.51,7,74.83,1.16,Plan Change,0.93,358
78e0982c-0122-4364-b4a4-579e889fd6fd,2026-01-06,CUST-589432,0.75,9.01,90.68,71.24,5,43.17,0.51,Support Chat,1,474
5f139584-6502-4f60-b195-911f72a065ab,2025-09-26,CUST-249534,0.33,9.41,71.85,87.94,10,63.95,2.28,Plan Change,0.91,224
7d563bd2-6cfb-4de0-ab2c-981873481125,2026-04-16,CUST-314950,0.26,6.56,89.94,70.57,7,52.44,0.21,Support Chat,0.91,122
9c2b6cff-aed1-40ac-bb82-0459e5f1fc04,2026-05-21,CUST-232491,0.28,4.12,91.62,82.72,2,48.68,2.92,Add-ons,0.85,410
6b992a15-6ece-4713-9771-69865763adec,2025-08-18,CUST-954639,0.02,7.3,82.08,73.03,1,72.03,0.69,Plan Change,0.79,168
cf24f47f-bfd9-4552-90ce-3f3a2d21e290,2026-04-07,CUST-124920,0.09,8.94,87.92,69.67,8,52.09,1.71,Plan Change,0.63,181
6957f3de-0a93-4969-aa92-1073dde317e2,2026-06-11,CUST-908842,0.78,9.42,70.39,76.64,1,77.03,2.71,Add-ons,0.95,490
f18c7a6f-74f4-4af3-8f84-b70f3258215d,2026-04-06,CUST-907843,0.35,1.89,87.89,84.83,1,42.66,0.5,Usage Monitoring,0.81,60
b87825c3-7325-41c2-8d81-5bbee6fc4f4f,2025-11-22,CUST-405393,0.23,1.88,84.14,84.71,6,51.45,2.78,Support Chat,0.8,216
b1792705-9721-4f2e-ae13-9da4943683be,2026-06-25,CUST-905737,0.58,5.48,72.04,71.72,6,63.64,1.06,Support Chat,0.82,108
6ae1c26a-e154-468d-9230-0befcafc1e54,2025-08-10,CUST-812812,0.4,5.54,84.62,84.15,6,38.47,2.3,Add-ons,0.65,140
7fe68b43-2d0b-464a-ba7f-e7ffa9d1e0e4,2026-02-01,CUST-865641,0.81,2.15,73.72,72.64,2,57.84,0.21,Plan Change,0.8,239
ec6a8f97-5d10-490c-b483-d4bfd3fcc60d,2025-12-15,CUST-708221,0.81,5.12,83.89,61.25,7,79.86,0.46,Billing,0.71,497
fcdfd88d-e326-4bf6-8146-09be2a84109b,2025-09-19,CUST-425328,0.62,3.26,70.1,64.76,2,33.69,1.88,Add-ons,0.79,185
2a9a88f7-2fcb-47bf-a85a-905205f2df5f,2025-09-12,CUST-983688,0.37,7.71,93.83,87.34,7,69.32,2.37,Support Chat,0.67,309
ea4e3d46-d8e3-48ba-b03c-9fcf43d8e32b,2025-11-03,CUST-743730,0.02,6.31,81.33,86,4,59.57,1.56,Usage Monitoring,0.81,203
390ce0bc-59eb-43b6-b11b-1da50f64b324,2025-12-26,CUST-820660,0.35,8.68,77.12,85.65,6,78.01,1.1,Plan Change,0.67,237
97f29fc4-d376-4253-a3af-b08c69a82311,2025-08-15,CUST-812902,0.65,2.72,94.77,78.94,7,66.95,1.84,Support Chat,0.91,276
7da48564-2eb9-45a1-b458-ec87ee25678e,2026-06-17,CUST-159243,0.92,4.08,71.86,68.89,6,41.76,2.88,Support Chat,0.75,255
8ea8b548-3643-4df5-88f3-d96ac5abcfe4,2025-10-11,CUST-335650,0.2,6.03,79.06,76.63,5,45.2,2.62,Usage Monitoring,0.83,51
9d0979e8-edff-44a5-9c24-940aee761a27,2026-04-08,CUST-154521,0.76,5.05,90.01,83.25,9,77.47,0.5,Add-ons,0.91,283
7c160fd8-c8d7-45db-86d9-e6c48dcf20dd,2026-03-17,CUST-989571,0.74,1.73,72.46,86.86,9,30.78,0.71,Support Chat,0.69,179
2d8048b8-ada6-4981-b2c9-e0a1c33b240a,2026-05-04,CUST-839633,0.05,2.28,92.59,77.75,2,43.84,2.51,Support Chat,0.8,141
2e734630-4b7d-425d-83cb-906aa4052ed8,2026-04-24,CUST-123587,0.64,6.14,90.46,69.94,8,32.43,2.53,Plan Change,0.89,494
24d4bf6f-e3c7-4470-9262-5f3de0e9733b,2026-03-09,CUST-406317,0.94,6.38,71.72,79.32,7,31.23,2.32,Usage Monitoring,0.63,350
a462d464-1c83-4313-8f90-eea9712bad76,2025-09-30,CUST-338221,0.87,3.26,93.79,79.04,1,36.58,2.17,Support Chat,0.98,435
0c4796dd-8992-46fa-a302-6d59d2e0f897,2026-02-28,CUST-791308,0.55,4.01,74.28,75.73,2,64.5,0.63,Support Chat,0.77,278
edb6c247-3f02-43db-b455-cac2c1f2424b,2025-12-24,CUST-779058,0.09,8.76,72.12,71.39,4,35.08,0.77,Support Chat,0.85,266
2494d74b-10f1-4dc4-a616-a2a022d94e04,2025-09-26,CUST-711616,0.3,7.28,84.17,60.44,1,57.49,0.59,Billing,0.95,207
23ab2353-3eaa-4ce5-922d-d961b886bd18,2026-04-21,CUST-753161,0.96,6.76,93.7,60.12,8,71.48,2.67,Billing,0.61,222
6f3b3384-50bd-4036-9e0c-c971e5238cf1,2026-04-17,CUST-613402,0.88,2.13,90.91,79.81,3,68.94,2.12,Add-ons,0.65,414
a79753ab-e8f7-4f17-bbcf-bfd2ef0b684a,2025-08-25,CUST-501532,0.63,1.61,72.04,71.76,9,37.32,0.83,Usage Monitoring,0.7,455
aba4f002-4b48-4fde-be59-be90f5995ee7,2025-08-18,CUST-108374,0.18,7.96,82.61,63,4,39.64,2.34,Plan Change,0.71,402
6682c46f-9f5a-4bc9-aa49-f2df10927697,2025-09-13,CUST-174951,0.39,4.59,74.87,66.12,6,50.23,1.81,Billing,0.83,315
822d2f7c-416f-4b77-97ca-fa17c9cccf83,2025-11-07,CUST-353565,0.32,7.3,76.56,60.84,5,50.44,2.81,Add-ons,0.82,265
b358abf9-7552-4f1c-87f8-387edc790d5a,2026-06-01,CUST-715445,0.8,7.83,75.55,80.48,4,49.5,2.31,Add-ons,0.92,147
10ca7a35-6d51-4164-b1e2-90d60a52b93a,2026-07-13,CUST-656919,0.53,6.84,72.86,88.67,6,45.28,0.38,Usage Monitoring,0.8,482
7c0f4c3a-5f80-40df-abae-f0e254da915d,2025-12-24,CUST-330113,0.02,3.41,70.33,79.27,6,53.88,1.52,Add-ons,0.84,367
b4f3e00d-2ae3-42c5-ae0a-495242df3c66,2025-09-14,CUST-768602,0.29,2.27,88.75,73.55,2,51.16,0.32,Usage Monitoring,0.94,358
083eca27-4d0a-44f1-a476-4b61c1969089,2025-10-02,CUST-445674,0.4,2.63,83.49,67.55,2,42.24,0.68,Support Chat,0.83,223
6297576f-ead1-4a94-ad49-4db4a809ce43,2025-12-24,CUST-455265,0.05,3.97,70.66,75.05,7,69.27,1.2,Add-ons,0.85,69
2ff1a4a5-3698-4b87-9a6a-1fc506a74a00,2026-03-30,CUST-354043,0.01,2.74,75.17,64.87,3,73.19,1.38,Plan Change,0.79,477
3caea5b1-5283-4ba5-90ef-56e74dcbc577,2025-12-20,CUST-406228,0.36,3.85,78.01,80.92,7,71.39,2.35,Usage Monitoring,0.81,369
63e82755-e896-4204-840a-2d4aa173b9ef,2025-09-26,CUST-101117,0.5,8.78,79.29,72.99,8,66.26,0.13,Support Chat,0.78,224
b91fea6c-3c46-4410-8739-1b61f5f80465,2026-03-15,CUST-965006,0.2,6.96,70.59,82.6,7,41.24,1.64,Support Chat,0.65,470
16774e1f-e117-4779-a9db-e54bca8926be,2026-02-15,CUST-289777,0.55,6.89,71.97,85.21,1,77.21,2.3,Billing,0.84,372
b66e5a9c-4505-4eca-ac97-00a3a947a31e,2026-03-29,CUST-724041,0.44,8.62,76.24,73.92,2,49.31,2.74,Support Chat,0.87,159
b110c0bc-ef50-4164-a884-4d8f8b83d3cb,2025-12-22,CUST-997047,0.3,2.77,71.34,75.38,2,67.57,1.05,Usage Monitoring,0.61,312
6e43685a-b7ef-4478-80ff-874874d6d378,2026-02-19,CUST-308850,0.07,3.74,79.9,89.7,7,34.22,1.95,Plan Change,0.87,246
0f91e99d-1942-4232-9166-87f47f713791,2025-12-09,CUST-640123,0.55,8.6,84.59,67.92,10,59.39,2.07,Plan Change,0.91,128
56442a0a-c9fa-4ad2-8f84-9aee74e01133,2025-07-25,CUST-885446,0.48,6.71,76.74,77.71,1,73.5,2.25,Add-ons,0.67,403
f14059f5-5d7d-44ba-9d32-ff0e7b2a2b32,2026-01-24,CUST-810580,0.77,8.77,71.41,80.66,8,34.47,1.27,Usage Monitoring,0.93,183
73bcdf25-db46-408f-a40e-5307cd7ce8b8,2026-04-30,CUST-494110,0.42,1.53,93.61,60.21,5,49.93,1.98,Billing,0.87,463
b31bbef8-839f-4c70-becd-92e375b5c934,2026-01-28,CUST-730524,0.01,4.47,85.77,72.74,7,47.64,2.62,Support Chat,0.83,348
14171c1b-b4e6-4251-b4b1-849b479a052e,2026-03-07,CUST-616251,0.15,6.64,94.7,86.84,10,41.33,2.41,Support Chat,0.65,341
fb621b0d-3297-4653-ac59-c71011df817f,2026-01-15,CUST-893897,0.78,4.54,89.12,71.32,9,64.24,0.43,Billing,0.89,214
219ca61b-ab66-4e05-93e0-51496ea47b2c,2026-06-05,CUST-545628,0.43,9.55,73.13,84.08,6,54.4,0.97,Plan Change,0.79,385
d1ed71f4-c1d4-46c3-85cd-ef6408439b58,2026-01-14,CUST-745609,0.31,5.6,85.75,80.64,4,75.42,0.83,Add-ons,0.98,386
fc39abe1-7e88-48e2-bbb1-31d32a69f9ba,2026-04-07,CUST-240774,0.41,2.34,88.38,72.15,10,55.17,1.89,Support Chat,0.67,367
d63b39b0-4dd3-44fd-8229-30980408a782,2026-03-13,CUST-626369,0.8,6.5,71.54,63.87,3,56.65,2.4,Plan Change,0.62,218
390c7980-f762-4010-a4f8-69f1b6f475ef,2026-02-19,CUST-860448,0.86,3.98,86.72,72.68,8,63.09,1.6,Plan Change,1,235
3fe01978-6ebd-4a2b-ac7e-76d5f2737399,2025-08-26,CUST-278589,0.92,7.48,91.98,82.5,3,39.09,0.94,Add-ons,1,138
33937f97-7182-4ec7-b702-52cf6e9a1c2d,2026-01-09,CUST-663932,0.55,6.45,82.65,74.04,5,72.56,1.63,Usage Monitoring,0.76,60
356100ce-a67a-487e-b8ec-abb8cab327d5,2026-05-10,CUST-790436,0.85,5.5,87.07,62.02,1,64.6,0.48,Support Chat,0.77,408
b75656c7-8012-4a65-9251-f5a27ace68d0,2025-09-22,CUST-331202,0.36,4.71,75.62,75.66,1,44.38,2.04,Plan Change,0.9,316
3f2e9354-2709-4736-9ed8-25c7667d682f,2025-11-11,CUST-991387,0.59,1.94,90.89,70.69,4,52.61,0.17,Plan Change,0.73,405
bcd43680-2645-4465-a0a2-b5fa58c3d72d,2026-01-26,CUST-514215,0.75,1.18,89.48,85.73,2,70.37,0.82,Plan Change,0.88,142
8af273f8-57e3-485f-bf4c-014a8ab11fa3,2026-07-22,CUST-281494,0.65,2.55,92.59,74.28,1,45.82,0.41,Add-ons,0.72,183
0b71f528-b5d5-4d52-bd04-b7a440060191,2025-10-13,CUST-368283,0.18,2.33,76.48,73.41,2,30.39,2.38,Add-ons,0.93,420
ae607d21-ee8f-4d9e-9781-be82c001faef,2025-09-19,CUST-414948,0.81,3.18,80.05,75.53,1,70.23,0.61,Plan Change,0.72,118
d2d3c3d7-c5c5-4175-a17f-d00bd852e995,2025-10-31,CUST-697443,0.15,9.77,88,67.38,8,79.79,2.78,Billing,0.84,105
0f5c0c9a-596d-4a99-a7ef-e62f29c120e2,2025-08-24,CUST-402755,0.98,8.8,74.61,87.93,3,34.18,0.9,Add-ons,0.78,257
63d786cb-c3ca-4f9b-9fb5-6435edaed8d9,2026-01-27,CUST-100171,0.04,7.92,81.37,72.12,9,71.26,1.89,Usage Monitoring,0.98,390
c56cc315-9d3c-4673-b8c1-4f8c99617f57,2025-11-23,CUST-124177,0.51,3.57,89.87,62.94,6,43.85,0.23,Plan Change,0.77,136
81fb46d2-9a91-4ba0-bb13-34f743048b1b,2026-07-13,CUST-871025,0.84,6.52,93.44,77.2,1,79,2.94,Usage Monitoring,0.62,235
eafa0d75-20b4-4ff0-8169-aa86c9555995,2026-01-17,CUST-162352,0.99,3.72,87.91,73.15,7,66.39,2.33,Add-ons,0.82,258
8778cec0-55e7-412f-aa07-01a7beda7f6e,2026-02-15,CUST-286410,0.21,4.65,76.95,67.7,0,69.34,1.98,Support Chat,0.97,178
47db3da2-a829-41b1-a9c0-74cdd6d79995,2026-06-07,CUST-848549,0.75,8.02,88.01,77,1,40.1,1.3,Add-ons,0.83,342
e3b23abf-50ec-4154-b1ee-e935f284e3ed,2026-07-10,CUST-716371,0.57,8.5,79.35,61.49,1,35.05,0.77,Billing,0.87,222
a3b05c82-87bd-41c5-a579-f1c2983df6cb,2025-09-16,CUST-488704,0.59,5.5,78.68,77.52,1,49.49,0.83,Add-ons,0.87,292
ccbd239a-8fd8-4c68-8cbf-0559ff276d09,2025-10-22,CUST-598816,0.29,9.81,74.11,79.7,4,34.69,1.01,Usage Monitoring,0.83,349
18068f84-9148-4b50-ac29-19899d765a50,2025-09-23,CUST-258243,0.57,5.77,81.18,86.46,8,64.15,1.41,Billing,0.99,72
5cbba503-6fa7-4845-8833-1bfb5effa128,2026-04-29,CUST-921985,0.09,8.4,94.13,85.98,3,30.15,2.72,Plan Change,0.61,404
bcaf8c03-6c34-4eaf-b2bc-36ed745b4f1d,2025-07-25,CUST-402307,0.7,7.04,70.6,61.47,0,49.58,0.74,Usage Monitoring,0.71,439
082ccd52-432e-44e1-9721-6c37d1afd2ca,2026-01-02,CUST-155413,0.51,2.58,86.32,80.99,7,57.7,2.88,Plan Change,0.65,380
93930399-ba88-4f6d-a286-1e8813d5d71d,2026-05-18,CUST-660771,0.05,1.73,85.23,77.02,8,39.78,1.77,Add-ons,0.81,273
a48aac0d-8f17-425b-99d8-2af5fb6c8692,2025-11-20,CUST-828062,0.52,5.24,79.18,61.34,2,35.07,2.86,Billing,0.94,319
f03b9bb4-2f51-43ae-ad0a-19c3f14d71be,2025-08-24,CUST-417249,0.06,1.74,87.01,72.31,2,54.32,2.91,Usage Monitoring,0.85,315
5d09ee27-5255-4856-aee0-846b95f167f7,2026-06-07,CUST-122299,0.45,2.88,88.17,81.67,9,36.37,2.5,Usage Monitoring,0.69,124
72fb78a9-90ac-4db0-94bd-f16c3842a642,2026-05-05,CUST-561887,0.49,5.75,75.57,80.16,7,37.88,0.83,Support Chat,0.98,466
