Record_ID,Date,Tower_ID,Network_Maintenance_Cost_per_Tower,Infrastructure_Upgrade_Frequency,Energy_Consumption_per_Tower_kWh,Network_Expansion_Rate_new_towers_month,Equipment_Failure_Rate,Mean_Time_to_Repair_MTTR_Hours,Network_Capacity_Utilization,Spectrum_Efficiency_Score,Backhaul_Latency_ms,IoT_Device_Connection_Volume
efa6bf51-561e-45d0-a1a2-e42b42b59524,2026-02-27,TWR-003,147.97,2,2770.2,4.3,0.7,8.9,64.44,0.61,15,8646
0da09c25-ac22-4d39-ad82-884057deaae4,2025-11-21,TWR-005,416.7,0,884.63,0.6,4.77,15.9,60.74,0.89,27,2514
b2fcc104-1d22-425f-9064-b79ee2147520,2025-10-20,TWR-004,522.76,2,1716.2,4.9,2.3,1.4,77.48,0.81,37,6411
67ef20c5-374f-45a1-8e18-6730b6297ff0,2026-04-08,TWR-001,363.02,1,4254.13,3.9,0.53,7.9,61.39,0.97,30,6779
99fe3d74-88b4-47ac-a7a4-309761b50002,2026-02-19,TWR-001,841.52,3,2341.84,0.8,0.99,13.5,81.7,0.58,20,4077
0565964c-fb4e-421b-8622-22810919505e,2026-01-04,TWR-003,678.99,1,625.23,1.4,3.32,23.9,91.57,0.79,49,7784
d2af2e93-a949-4673-9984-a66b177ac445,2025-11-29,TWR-002,678.28,1,4423.05,2.4,1.12,11.4,62.07,0.91,11,2607
8749b28f-e677-4e4e-a503-7a3b0125a640,2026-04-05,TWR-004,921.49,1,2313.77,4.3,1.64,22.2,60.19,0.8,27,1593
78202809-283b-46ce-a0e2-dd1f08254cc1,2025-12-18,TWR-001,482.38,0,1111.59,2.4,4.83,8.8,74.62,1,42,2409
372eaeec-a8c3-492f-98aa-144fea0ad72c,2026-01-22,TWR-001,838.59,3,3874.07,3.7,4.05,2.2,73.85,0.72,43,3501
4763e9b9-2bfa-4ef4-aec0-725968c30bb4,2025-10-04,TWR-004,806.55,1,1749.07,4.9,3.41,12.1,66.31,0.75,31,4618
17be5ee5-6a74-47d3-855c-22ea3593f106,2025-10-13,TWR-003,394.32,4,810.42,0.9,4.53,13.3,61.63,0.53,35,8183
2faf0775-3916-40d4-9918-8591aa296906,2026-06-23,TWR-001,515.53,1,4209.21,4.2,2.89,8.5,71.17,0.5,25,2685
90f56c42-268c-45dc-8ca4-4115abe9f854,2026-03-08,TWR-003,205.21,2,3455.89,4.3,1.8,1.5,87.89,0.69,7,8825
47456bac-1851-49c7-acd5-d81e1ef1275a,2025-11-29,TWR-005,907.93,2,3143.49,4.2,0.39,7.9,70.86,0.76,45,2715
fe4a9f1c-e48c-48cd-9ff7-da39e007a713,2026-06-22,TWR-001,547.68,3,1470.67,0.9,1.96,5.3,68.88,0.77,47,9590
1ceb6387-0fd7-441e-a4c8-52bbf14bf285,2026-06-30,TWR-002,736.5,3,616.06,2.3,1.46,20.6,89.01,0.67,29,7859
89985dd6-fe0f-4c4a-86ed-407ff28bba94,2025-12-18,TWR-001,994.01,3,4315.13,3.9,1.49,10.4,61.64,0.54,13,584
a3307542-ac37-4c32-864a-d32ca04974fe,2026-03-16,TWR-004,222.92,2,1695.18,3,1.47,20.4,94.69,0.96,41,6584
e972048b-94ba-4dc4-90a8-1196cf393f93,2026-03-16,TWR-002,137.27,1,2291.03,0.1,3.95,15.5,69.5,0.81,25,621
f5bace77-c5be-4dac-ad0c-f47235fb7bcc,2025-12-17,TWR-003,484.69,2,2728.61,3.3,3.61,9.3,83.36,0.51,48,4295
f016ab37-8f4f-4489-9093-c7cde4a9d5cb,2025-08-27,TWR-001,893.6,1,4334.47,4.3,1.22,16.3,69.51,0.74,39,4871
84dc3ea5-fcda-4c1b-b0ef-285e3f796eaf,2026-04-16,TWR-004,685.46,2,1641.75,1.2,4.67,3.2,62.22,1,48,2824
2e836ef3-88e1-496b-bacf-24ed61b31728,2025-12-07,TWR-001,971.21,4,3305.13,1.2,1.94,5.1,72.55,0.9,12,3745
fbb222ba-d70a-4058-bf99-07783d6702e2,2026-04-07,TWR-002,663.2,2,1098.13,4.5,2.44,16,88.2,0.64,16,5257
58392be3-135f-4448-b840-a627fe1a4fb8,2025-07-26,TWR-003,938.91,0,1348.6,2,1.62,5.1,64.19,0.59,26,4862
2d2a6b14-17c8-491d-9787-6c9539f5b5ce,2026-02-20,TWR-002,912.6,1,2039.17,1.4,3.33,18.4,76.15,0.84,36,9435
721ba79c-8ab1-4345-b081-f38254e01562,2025-08-05,TWR-005,906.82,4,1316.31,4.6,4.45,4.7,77.83,0.78,30,938
d7b85133-5f35-4d34-a32d-ac3b5fe4c47f,2026-03-30,TWR-002,857.98,1,832.54,4.8,3.03,17.4,76.41,0.59,27,2117
2c5130bf-c8c8-49b1-9652-c80c1a65b7a9,2025-11-03,TWR-003,739.44,0,3088,2.9,4.67,17.3,78.73,0.75,32,2150
f7c0b28b-5c5f-47f5-8e6a-bf376d936bdd,2026-04-19,TWR-002,150.73,3,4327.62,0.1,2.36,23.9,62.65,0.57,27,3300
54888e97-1b5d-4fd9-ba17-b573e0f4c625,2026-04-06,TWR-001,759.37,2,3118.21,5,2.89,8.2,79.66,0.98,26,7747
cf13050a-db10-4a9c-b09c-b4120a4de4eb,2026-04-23,TWR-005,239.71,0,2909.28,1.6,3.43,19.7,64.35,0.6,12,5757
8c15c3d6-9bb1-4f8b-9457-9e344120e287,2025-11-10,TWR-001,635.17,4,3165.79,4.2,1.5,1.5,65.22,0.55,38,4611
1f6b3df3-4c8f-4e59-8006-aa8b419e1f6f,2025-11-12,TWR-001,632.03,0,695.32,1.4,2.76,3.4,75.41,0.87,15,1635
7aa24971-ba22-46c7-9e10-3e96e627e0bc,2026-03-20,TWR-001,393.67,2,637.51,3,4.22,2.8,75.1,0.94,6,4082
d7a52963-b84d-4ba6-b493-0afa00ffcbaa,2026-05-23,TWR-005,817.09,0,1807.51,2,0.42,13.3,90.96,0.95,43,5981
2c4090c1-c319-48d5-a637-6124a89ef81b,2026-07-02,TWR-004,923.31,1,4139.82,3.4,3.67,13.6,75.99,0.89,17,8583
d7b08dcb-b065-4ce3-add7-0cee56fed71c,2025-12-17,TWR-001,448.14,2,4000.21,0.9,1.79,11.7,94.64,0.51,40,880
3a34c9d0-e672-4651-ad86-17d5858bfbb6,2026-01-25,TWR-001,161.72,1,717.35,4,0.19,19.5,93.86,0.72,46,4423
9a910a8b-707c-4237-8e09-9ebb64948005,2025-12-26,TWR-003,245.59,2,2216.47,1.2,4.25,18,67.41,0.78,45,6702
00bcfdeb-640d-47b2-b672-05434de879e6,2026-03-02,TWR-002,772.54,2,4098.03,2.7,0.32,21.5,82.96,0.97,18,9583
51aa4745-cc5f-4846-8c85-443036f44cc3,2026-05-28,TWR-001,109.92,2,2633.18,4.9,4.18,12.6,72.17,0.8,43,8781
0d9df3f4-d819-4d9f-bbc7-65c7f5586b0c,2026-04-09,TWR-002,819.17,1,4963.57,0.5,4.43,4.1,74.11,0.67,27,9460
8a6e78eb-572d-4c53-b66f-4ac2c6033719,2026-04-12,TWR-003,589.72,4,589.62,3.6,3.62,19.4,89.43,0.74,11,2562
052d7dc4-1b9e-4c88-891f-aa394e5045d6,2026-05-06,TWR-002,169.84,0,3640.99,2.3,3.73,11.5,63.91,0.8,44,7497
4863052f-00b3-4aeb-8cf5-48b2c5b8c4c4,2026-04-15,TWR-005,961.31,1,1030.31,2.2,0.92,16.2,91.83,0.88,45,9058
5c3bc613-b2c8-4a70-b0ac-a979f31b3d51,2025-08-26,TWR-003,187.66,4,3706.46,0,2.96,16.7,64.4,0.96,18,9875
a155ce11-66df-408a-a668-08f1ca9049f6,2026-03-08,TWR-004,869.32,2,577.27,4.4,4.73,15.8,92,0.77,16,2252
79d80e5a-6501-4f52-9e84-75312610c6a5,2025-10-10,TWR-005,927.33,2,1462.9,2.2,3.03,12.1,89.9,0.63,28,851
161d526f-e10a-48b5-88e9-7f8cd33615bb,2025-08-12,TWR-005,965.1,2,944.53,3,0.24,15.8,87.52,0.61,18,6780
0f666503-0188-417a-a30b-d51e18492779,2026-04-09,TWR-002,143.6,1,4179.24,4.2,2.13,18.3,70.49,0.65,47,8923
8c322556-2183-4f4e-8144-9fd5f8957e72,2026-04-23,TWR-002,548.67,1,3331.31,4.9,2.81,6.8,93.65,0.58,41,1261
ccd00a24-7840-4432-9792-5981f5c6f280,2025-08-01,TWR-002,567.31,2,1258.54,2.5,2.67,12.8,86.5,1,34,1591
1bf89e95-1a9c-43ca-b761-a1146acd68f6,2025-09-11,TWR-002,208.19,1,634.63,3.3,3.85,16.1,68.36,0.85,46,6866
ea7aca5f-21fc-44c9-82ac-a6b2bbd60a5a,2025-10-22,TWR-005,653.51,2,687.99,1.5,3.95,3,75.19,0.8,31,5736
0b8d007c-52a7-4f04-89b4-7e8430b91db2,2025-10-26,TWR-001,251.28,2,839.72,0.1,2.63,18.5,64.09,0.73,32,1912
12a351a5-e15b-4e4c-b289-76f625c4245c,2026-07-01,TWR-002,433.12,4,1463.69,3.9,0.99,5.7,75.54,0.87,13,6462
6d09da9e-7f4b-4bbf-8573-f219bf8f2fe5,2026-07-03,TWR-003,320.21,3,1321.44,0.9,3.36,20.1,91.73,0.86,28,9292
38e25ec1-060b-47a0-9b75-cdefabf5dd6e,2025-10-26,TWR-002,794.27,1,4536.6,1.3,3.13,17.8,82.53,0.66,27,1745
4b66b14f-a906-4be5-b845-eac3ad9068cc,2025-08-06,TWR-004,340.14,1,4349.77,0,3.33,2.8,94.44,0.51,49,1954
717ea939-ee10-4282-8a8b-629d30595ab5,2025-12-12,TWR-005,214.38,2,3498.84,2.2,4.07,8.3,87.2,0.62,40,5998
b3f62e96-7b5b-41b7-8c5d-961ec578b9c3,2026-03-06,TWR-004,146.35,4,3237.96,3.5,3.4,1.4,68.44,0.82,33,7978
6b5f944d-37bb-4266-9f27-ec7fed898f31,2025-12-25,TWR-002,843.42,3,1458.56,1.5,2.53,4.4,81.49,0.64,30,2559
0c41fedd-20ca-4dc9-8d5b-39d7dcb65ceb,2025-12-13,TWR-005,260.46,1,2842.54,2.3,2.75,21.8,78.03,0.77,46,8690
f4d10d91-701b-4417-a0e2-cad108777e18,2026-05-22,TWR-001,986.2,4,2783.64,2.9,4.53,3.6,90.14,0.77,12,1575
cce19da6-2861-4fd5-9f88-723c6259d015,2026-04-12,TWR-004,879.9,4,1168.06,1.3,3.5,9.7,92.75,0.97,47,5393
31dfe47e-b5e4-4d16-a10e-ff99ac366411,2025-12-18,TWR-004,258.07,4,4126.27,4.1,0.23,10.5,78.24,0.63,41,8945
13c345f3-eb72-40cf-bb1f-7f783921fdc1,2026-04-28,TWR-001,574.18,1,3864.48,4.4,0.76,20.5,74.09,0.63,47,5393
4af15cd0-65a2-4be2-84f2-2cb64c4d43dd,2025-11-16,TWR-004,653.51,2,979.25,2.2,0.53,15.7,64.69,0.7,44,8667
0f1f1844-5db5-4346-899a-74fbe44e83f7,2025-07-28,TWR-002,994.57,1,2789.71,3.6,2.1,2.7,81.28,0.98,47,355
43e9bd46-6097-474a-970f-432fa8d13a37,2026-04-09,TWR-004,691.81,4,2461.52,0.9,0.34,17.2,72.57,0.64,29,8764
d22c0ea2-4e51-4924-8903-f0928f69ebe2,2025-08-21,TWR-005,618.79,2,3127.86,2.5,0.95,1.3,65.24,0.64,37,1510
051e6be8-dc30-43d0-885e-e7991c9fb9fa,2026-02-23,TWR-003,764.46,2,2308.86,2.3,3.05,5.6,86.38,0.61,25,9125
2babc681-698b-4477-b9aa-0f03a662f1b2,2026-04-17,TWR-004,133.32,2,998.19,4,2.71,4.6,61.69,0.53,19,5147
501f6015-f867-4299-a080-9b7f578767de,2025-12-30,TWR-002,697.08,3,4177.96,4,1.38,15,74.15,0.92,39,5594
2bb32dc2-9c1e-4ff4-8699-b4a88d7b7a03,2026-02-04,TWR-004,283.61,1,3987.63,1.5,0.35,7.2,93.09,0.57,36,7431
34294671-22f2-4216-839c-8c308979f8d5,2026-04-23,TWR-002,334.29,0,705.96,2.9,2.46,18.7,69.39,0.61,9,5998
6e0386fe-efe2-446c-b60e-ac229d92a05f,2025-10-13,TWR-003,227.23,3,1722.48,3.9,4.49,23.8,66.27,0.6,12,7168
8c700cde-6859-4417-bbff-f5212e1186b2,2026-01-17,TWR-005,666.85,1,1428.63,1.9,0.69,22.5,90.51,0.89,29,5152
6b392131-bc74-443b-88a5-3ba7a3da9adb,2026-07-15,TWR-004,906.2,4,563.23,0.4,3.24,6.7,81.72,0.58,37,1607
067cf685-4ad3-4728-8d8d-64d48aa542d9,2025-10-17,TWR-003,186.94,2,525.12,5,4.31,14.3,71.21,0.74,30,5508
033e6b8d-67b7-41b4-be35-51ff3c0e14cc,2026-01-29,TWR-001,635.33,3,4322.17,4.3,1.91,19.4,80.41,0.67,42,1314
7f8eeffb-2040-44a6-8bfe-82c69fb843b4,2026-06-27,TWR-002,608.5,0,3736.82,3.5,4.6,12.5,82.53,0.9,47,4409
e2046a2e-922f-4efe-bcf5-1a9b9c4cf774,2025-12-26,TWR-005,977.26,4,4337.06,1,2.84,3.9,92.07,0.89,28,6935
97dcd001-7bb2-4231-ab26-2450f6f7336c,2026-04-09,TWR-004,620.85,3,1111.81,4,4.14,7.3,90.96,0.94,47,6532
57ddba1a-6a97-4ce0-b4a2-d8ce7665eede,2025-11-21,TWR-001,131.54,3,3900.37,4.5,3,2.2,61.45,0.62,42,6597
88e2bd10-55dc-4ca3-8e0d-ede2872ad176,2025-08-17,TWR-003,933.89,3,1037.61,1.3,0.64,7.6,62.95,0.51,7,2276
cc9f32f6-1f2b-4344-a592-3dca7fac7ca1,2025-10-10,TWR-001,168.21,2,3754.41,0,2.66,23.9,77.8,0.9,17,7716
5416ea24-8167-4b81-a983-191bbb659c28,2026-04-28,TWR-001,307.39,1,4735.22,0.7,1.41,11,66.7,0.97,18,8991
b5983219-3981-4b5b-8f3c-daca458952a2,2025-09-21,TWR-003,528.51,2,2491.27,2.1,1.13,12.3,78.82,0.8,38,1319
c7a96a96-b3dc-42ee-9f24-ecd8bd7ec8ef,2026-04-11,TWR-002,201.52,0,2089.58,1.5,0.17,12.9,89.57,0.99,37,6227
2d99cf6a-1838-4183-8d17-4b646e66501e,2025-10-16,TWR-003,773.74,0,2642.66,2.3,1.21,13.5,63.89,0.89,11,3840
dd736353-2f63-4ddd-a557-977e3598a4a5,2026-06-20,TWR-002,545.04,1,3294.75,4.7,3.72,10.1,63.99,0.62,30,8035
1787728b-7203-476c-8ffc-168e470b5c3c,2026-07-23,TWR-005,609.67,2,4973.03,2.7,2.91,23.7,65.38,1,29,2275
049a9b7b-d655-4a97-8764-30fcb59c24ff,2026-06-09,TWR-003,288.53,1,2697.16,1.2,0.59,2.3,90.37,0.69,43,4603
eea11305-04ca-47e7-ab39-1a7458a487a7,2026-04-25,TWR-005,753.68,4,2799.12,4.1,2.52,6.8,72.47,0.62,8,1582
9c6b698d-43fe-4adb-a76a-641a9ee90f0b,2025-09-15,TWR-004,595,1,4154.83,1.3,3.42,13.3,90.79,0.92,32,7798
e0fe836f-2a27-44cc-94a6-f1b3776143f9,2026-05-30,TWR-001,751.37,0,3487.78,4.1,2.31,11.6,83.31,0.84,20,4988
2934d0ed-1212-4237-b832-53a98700f133,2025-09-06,TWR-003,178.06,0,1527.99,2.3,0.89,9.4,92.85,0.81,29,8830
13c18d83-411c-4118-a09c-cf0c6a5c28e2,2025-10-26,TWR-004,897.23,3,506.39,4.1,2.29,18.5,62.85,0.7,13,1753
182ec84b-c554-4094-975e-a0f47171a625,2025-11-08,TWR-005,757.11,3,1199.26,4.3,0.55,10.2,60.55,0.58,39,8189
8aac7e62-42ea-4366-971a-8da913a0bb0c,2025-10-27,TWR-004,739.58,1,1076.6,4.3,3.13,10.8,66.05,0.78,30,6545
9aed4df9-7a4a-4e22-a89d-ea124e0bc1e0,2025-10-14,TWR-001,696.23,4,2402.99,1.8,3.07,23,83.33,0.81,22,2435
a9322fb5-6c41-4b57-a26c-8909ccd9afc3,2026-03-14,TWR-004,581.9,3,3531.81,3.3,2.28,6,75.06,0.8,28,8952
1314bed1-9e4b-4fcd-a570-8c6a8aa080e4,2025-09-29,TWR-001,207.83,3,1670.12,0.6,0.19,8.4,73.41,0.64,15,990
accbc2e9-c0c5-4d80-9d73-c6cfb8eb5fdf,2026-04-30,TWR-003,421.87,3,3204.57,1.1,3.01,19,93.06,0.82,15,3105
b3600178-2c1b-41ad-a18d-4734786fb057,2025-10-17,TWR-001,592.7,4,3630.8,4.3,2.86,22.3,62.48,0.96,19,4815
81636465-ccef-4157-a9eb-94f876a3e8ff,2025-08-15,TWR-004,827.53,4,4730.62,2.8,3.43,9.1,85.5,0.66,21,5747
27021746-5230-4825-8df5-8d98b29e4e68,2026-07-02,TWR-004,706.67,3,4449.95,1,1.41,8.2,67.85,0.61,14,5482
ccd90560-763b-480f-8b92-1213b58d3c6c,2025-08-17,TWR-004,934.45,4,1983.16,4.4,1.43,7.8,77.29,0.58,48,4781
bc81a707-3d32-4679-85ee-0d16f452683f,2025-12-02,TWR-004,488.43,1,3115.01,3.1,0.92,14.2,67.09,0.66,9,9525
ddc61fe6-0ad0-43de-804d-e9c103c3462e,2025-11-02,TWR-005,334.6,1,3320.89,1.2,3.17,17.5,71.13,0.68,18,9303
f0d366fc-4669-4021-aff1-3f23666f2f82,2026-04-22,TWR-004,656.23,4,1619.05,4,2.73,2.1,92.14,0.61,12,397
86d7fc57-a007-4a6b-a716-296c0508f19c,2025-09-26,TWR-001,597.62,3,1250.47,3.1,3.37,3.7,74.85,0.73,40,9609
04f1e3f7-2945-46ea-9cf0-86ae18ebe778,2026-01-29,TWR-002,808.8,2,1495.34,1.2,1.14,16.2,75.56,0.75,19,6361
4814c3f3-301d-41ce-b012-6dc302ba10d0,2025-12-12,TWR-002,263.43,2,521.36,4.5,0.88,22,61.91,0.99,24,713
1c8f2217-e494-4d73-91a9-80799b4ecdaa,2025-08-10,TWR-004,798.15,0,1319.81,4.9,2.14,9,79.62,0.55,34,9092
784f3ee4-d51b-47a2-a756-090d905112ec,2026-03-31,TWR-001,273.98,0,2161.41,1.6,1.52,3.2,62.76,0.73,40,2635
a59e3e0e-9260-4029-b3fa-fb0eddbfda28,2026-04-20,TWR-003,949.92,3,1964.07,0.2,1.73,4.3,61.69,0.88,21,6184
a103ba72-6a9e-4346-8983-9066dfbb73c1,2026-01-08,TWR-003,441.92,1,1858.54,0.9,2.32,1.8,61.62,0.58,31,3968
920653bf-392e-41a6-802d-655902b5a6f8,2025-12-01,TWR-005,379.9,2,3187.38,2.2,4.82,17.3,93.25,0.87,17,4540
83d01ce9-6317-4f12-ac48-6428b0b189a9,2026-05-07,TWR-001,774.4,2,1450.97,1.2,1.76,23.7,62.6,0.82,44,5955
e8fd8842-6e44-4a67-bf5b-c99b8c56968e,2026-03-17,TWR-005,276.57,4,4271.4,4.9,4.71,11.3,69.22,1,27,2475
546f6d02-6d80-4c1a-aa29-be9042219dae,2025-09-24,TWR-005,978.99,2,1773.44,0.5,0.36,16.4,60.8,0.82,39,1580
03e4c671-aa2c-4215-a1fa-b1b622bc8113,2025-09-17,TWR-003,482.53,0,3838.71,4.2,3.85,19,84.78,0.93,22,5823
e7164958-afe6-4d65-99c5-ff4e322d04a2,2026-06-23,TWR-004,293.7,4,912.96,3.4,2.62,2.8,91.6,0.76,46,3921
96d99e78-fe17-4b5d-a903-5951dc7485d3,2025-12-17,TWR-003,533.07,3,2833.72,0.7,2.49,3.6,75.53,0.66,25,5364
b9251523-0011-4ebf-a648-6ac5dfaf807c,2026-03-05,TWR-002,551.37,2,4171.97,3.1,3.57,5.3,93.42,0.58,8,5626
055dbea8-b3f0-4fac-a140-8c49c85295ce,2026-06-19,TWR-003,714.81,1,3339.17,3.5,1.11,7.9,70.44,0.85,46,2387
54723de4-3833-491f-9d16-b708d9ec8932,2026-02-14,TWR-001,925.99,2,3112.16,0.5,3.57,1,78.67,0.98,6,7581
15a3fa22-2867-4b44-9cdb-7c1c9c679c45,2025-12-26,TWR-004,494.58,1,4957.05,4.2,1.78,10.8,94.31,0.92,35,4235
9a833675-650d-4844-94da-b02d03092cbc,2025-08-03,TWR-004,829.48,4,2225.57,3.9,3.73,17.5,87.23,0.77,26,901
00cc33e6-82bd-424f-8abf-872d6a2fd758,2026-07-25,TWR-002,571.27,1,3721.37,3.1,1.56,7.5,91.75,0.61,15,7054
834a406b-3a44-41ce-937b-6c97483dfb49,2026-03-22,TWR-005,521.84,1,3869.34,1.7,4.7,10.1,69.57,0.98,47,961
d0806cee-48f1-47f7-ae4d-d26e40f181a2,2025-12-06,TWR-004,143.23,4,1540.79,2.6,1.13,17.1,94.97,0.9,7,2504
4bc20eea-0a2b-4f9e-b673-ba84c8ff81a1,2025-08-12,TWR-004,977.24,0,1346.29,2.7,3.68,14.1,90.2,0.53,22,4978
f2549f3c-7564-4114-8073-fb1aa3d0a817,2026-01-04,TWR-003,864.49,3,4796.05,2.1,3.07,19.3,86.81,0.96,14,8463
62b64610-759c-42fe-835b-c91ef4856895,2025-12-19,TWR-003,333.33,2,2742.49,2.2,2.08,7.7,60.24,0.64,49,4953
0e1d7c4f-afc6-4543-b92b-334cdbcc40df,2026-05-11,TWR-004,159.87,1,2491.03,4,1.48,19.7,76.55,0.96,27,4804
d6c93e2b-5051-4ea3-bebf-f15fb7cb3e33,2025-08-23,TWR-001,474.23,1,749.92,4.5,0.18,6.1,66.05,0.92,35,8358
cca3365d-f94c-4840-b134-930123691962,2025-11-13,TWR-004,508.85,2,3308.27,2.4,1.75,22.5,72.93,0.7,20,4770
5ff8c749-9434-4905-ac9b-63f1361530ee,2025-10-07,TWR-004,331.04,2,2233.18,1.3,3.08,20.7,64.79,0.97,28,6245
5213a361-556d-4511-ad18-ce3b145471ee,2026-04-17,TWR-003,563.23,3,1833.42,4.2,1.93,23.3,82.6,0.5,23,8871
9fbab5ba-76a6-453b-9688-9d40cb690c2d,2026-07-10,TWR-001,178,0,3878.15,0.5,0.13,10.3,86.17,0.61,24,1310
d5570fb5-8760-47b6-a9f6-d5650941da42,2025-10-03,TWR-003,795.15,2,3520.53,4.3,2.37,13,69.61,0.73,10,8976
c7ddb68d-8d27-413c-955f-892576d1e911,2025-08-21,TWR-003,100.43,3,4025.34,1.7,4.75,16.2,89.26,0.83,40,8108
e36d09a5-fb76-4fc1-b655-d0f82494e3b9,2025-10-22,TWR-003,514.79,2,4463.68,3.6,3.92,17.8,88.22,0.63,44,5386
12422b9d-0189-440d-9db7-711da365e6dd,2026-03-01,TWR-001,890.37,3,1283.93,3.3,3.67,17.1,88.31,0.8,42,3490
2a15cfcf-f47b-4055-b370-d9f915ce6a51,2026-04-15,TWR-001,545.87,2,2102.51,2.8,3.93,12.2,60.83,0.96,25,5812
66a4712c-e5f8-48ca-a20b-d435aa4246e5,2026-01-15,TWR-004,596.54,3,3696.67,0.7,3.94,10.2,85.44,0.74,12,983
908678ec-fb38-4887-989e-8fa91c0d60ae,2025-11-16,TWR-004,901.3,2,2585.38,1.4,0.28,11.3,94.98,0.75,48,2303
9dfbfc6f-3d96-444d-b555-5d80769112ef,2026-06-01,TWR-001,864.11,3,1002.71,1.9,0.28,12.1,71.85,0.68,24,5044
46ba86e8-ed88-42a5-9aec-3125f925d1cb,2026-07-12,TWR-001,991.12,3,1095.84,4,3.3,15.5,85.17,0.7,10,7823
6339addf-4f52-4f99-aa0a-a4fcaad4db08,2026-05-12,TWR-002,257.57,2,4549.57,2.3,2.3,16.8,62.14,0.54,37,8940
71be51c2-e8b1-45d5-8140-0afd35c91df0,2026-04-07,TWR-004,840.86,3,1260.82,1.4,4.33,6,87.89,0.62,25,273
7ce9e550-1f43-43c7-8cc0-20907a9c6847,2025-12-14,TWR-002,293.92,1,3974,4.7,3.51,15.5,88.92,0.98,25,619
8336f42b-684d-48ad-8e96-92775d9a2541,2025-09-03,TWR-001,672.22,0,632.15,3,4.66,21.5,94.94,0.85,14,956
954e53b0-eac2-43ab-aaa5-61cd9885705d,2026-06-30,TWR-004,782.91,0,4356.11,3.1,3.21,9.5,80.01,0.69,34,5414
647aaa70-7e91-4dd6-af9b-62c02b649d1b,2025-12-27,TWR-004,448.67,3,4413.06,4.4,1.97,13.4,94.29,0.84,9,5718
9fda42ee-1606-42dc-88f2-8b75e2ff5ce8,2026-03-17,TWR-003,767.02,2,2368.89,4.3,1.57,23,73.96,0.94,45,3928
640c3024-b801-42be-87f2-b3438a1a042a,2025-08-11,TWR-003,572.44,3,3467.9,1.4,1.23,4.1,89.51,0.71,11,6210
180dceeb-602e-4f99-b871-60125189e5e4,2026-05-21,TWR-002,225.17,2,2562.1,5,1.1,21.5,79.9,0.61,6,7254
95564b4a-91e6-41eb-badb-d94898a78729,2025-10-22,TWR-002,669.66,1,816.78,3.8,1.43,19.9,71.28,0.99,24,8944
7ca8415e-c748-4386-9c68-13d5d7ab769f,2025-08-05,TWR-002,984.15,3,4908.82,1.5,2.89,5.2,93.03,0.9,36,9642
62b5ab39-f8e0-4c56-84ca-0d767c56491d,2026-07-01,TWR-005,684.37,1,4476.5,3.8,4.78,11.5,67.28,0.98,11,1466
85a36ddd-ebdc-4af6-9ff1-9bbe7403e035,2025-11-19,TWR-003,292.82,3,4233.21,3.7,3.27,7.4,61.61,0.58,24,5691
bb0f5277-189f-4a8e-927d-80436f3e6ef2,2025-08-24,TWR-001,799.94,0,2007.4,1.3,4.36,3.9,71.39,0.97,6,7189
4f840525-7b45-46c6-9a3e-9910d062f5dc,2025-12-25,TWR-001,149.25,3,4480.8,1.5,1.86,5.8,84.18,0.53,10,3002
b3607888-6c7a-43f3-9b25-42b4170d2aee,2026-04-30,TWR-001,627.53,3,3445.81,0.9,2.83,4.4,64.13,0.67,22,710
0c244de2-11a0-4dd6-b82c-8af3c75859ca,2025-10-09,TWR-003,874.08,3,2379.61,3.7,2.42,7,63.53,0.86,29,9983
7116daa2-bfdd-4ce7-94e7-304734c72b5b,2026-06-08,TWR-002,745.83,1,2203.92,1.9,3.99,9.3,85.15,0.54,32,1126
0ee87405-9d96-4892-8d56-a42028b702c7,2025-08-14,TWR-005,238.81,1,3101.62,4.9,2.65,18.4,76.53,0.59,9,3523
12b49fd3-b135-4cc5-a638-a035c3e7681d,2026-01-06,TWR-001,470.41,2,3688.64,3.5,2.98,18.1,73.55,0.75,41,5084
52240ea0-f9aa-4489-ba6a-e50b17c36b29,2026-05-06,TWR-001,664.01,1,3010.84,0.4,4.9,3.7,71.21,0.96,36,9887
48278ad0-ed39-4f76-8f0d-51558eb96498,2025-08-03,TWR-002,628.52,3,978.59,0.6,2.48,6.3,94.58,0.77,34,3507
404cb7cb-d183-4d28-8332-1720b69b61f9,2026-05-03,TWR-003,532.02,1,650.34,0.2,4.79,3.7,67.88,0.68,9,5601
89566472-17de-4408-931b-2060dd252f74,2025-08-29,TWR-001,610.57,1,552.62,3.8,3.74,14.2,90.7,0.81,30,8402
eafe2992-3f1a-4d28-8f3f-ef9c3dcc1b4a,2026-03-02,TWR-001,752.69,0,2109.7,1,1.73,21.7,68.33,0.81,12,9305
f808c200-5673-4ac7-9f4e-c8618b5362f0,2025-09-19,TWR-004,144.32,4,4889.26,4.1,3.41,19.5,79.67,0.83,39,8621
376f5908-e704-4269-a58c-1f5ee58f3873,2025-12-25,TWR-001,761.32,2,4566.46,0.4,0.63,4.5,81.47,0.76,30,4488
1318df29-b1e8-4836-a574-dfcb4c424632,2026-04-30,TWR-003,832.39,2,2223.74,4.6,2.14,19.2,88.49,0.88,7,7147
02610581-23f8-4ffd-8cd1-06a3d7d0692e,2026-06-04,TWR-002,189.36,1,2524.25,3.7,4.32,14.9,89.9,0.97,33,340
cda81203-d445-4201-a005-f3e0480e425f,2025-08-17,TWR-002,392.85,0,4086.89,0.9,4.72,9.1,91.39,0.91,10,6841
10995d84-f856-4fc8-9d33-cc9efd5f271d,2026-03-06,TWR-005,764.86,3,3779.47,3.6,3.66,4.5,61.92,0.94,22,2235
189a057a-6195-4b2e-88c7-d2e5b0ecb29a,2026-07-10,TWR-004,358.52,0,1122.5,1.3,2.05,6.6,80.67,0.53,24,6794
aaf8ba59-f046-448c-b6a5-c8fcca765564,2026-07-12,TWR-003,875.88,3,781.86,1.2,2.37,14,61.86,0.87,44,7488
706a11ec-9b24-4ee5-ab63-d050cfc641c0,2026-05-31,TWR-004,476.05,4,846.25,0.7,4.82,11.7,66.23,0.85,41,2386
2a6bcb29-6717-4893-a203-55697ac1756b,2026-02-19,TWR-001,507.36,2,3892.97,4.7,4.87,16.8,60.02,0.74,33,9027
355a9f1c-3230-48a2-9046-edb9ba4d23da,2025-10-19,TWR-002,221.29,4,4467.33,3.6,4.96,4.5,62.55,0.82,10,6793
77558b12-fd90-489c-a53b-31d88d4fc32e,2025-12-06,TWR-002,858.8,1,3277.53,2.5,0.46,9.9,74.21,0.72,9,6855
7efe0805-2aee-4fe9-bada-0fc65a90f69b,2026-01-25,TWR-005,690.29,2,2644.84,1.1,0.56,10.4,94.57,0.61,35,8195
99531624-e819-457f-9a87-2d4314b40c8e,2026-04-20,TWR-004,333.48,2,748.02,2.5,1.15,2.6,66.79,0.64,12,9993
1d8385a8-d04c-47d0-9970-d98059355c2a,2025-10-04,TWR-003,830.53,1,4170.91,0.9,2.53,12.3,83.5,0.86,37,5548
3f50cbed-9c4f-433c-869d-562605f3dcf0,2026-05-25,TWR-004,907.35,4,2963.95,4.1,3.63,17.3,62.83,0.94,31,1238
8d2213dc-dc38-46b6-81ab-9613dbf11876,2025-08-17,TWR-004,109.23,0,1786.12,3.8,3.87,2.3,90.3,0.82,41,3471
2cc5b933-ec31-4817-80ed-ca61316ac26c,2025-12-23,TWR-003,607.92,1,3789.54,2.9,1.38,1.2,74.26,0.9,45,4346
92bfabe2-f3b1-4c59-a54a-a5df7611b270,2026-03-07,TWR-005,405.17,2,4705.11,3.3,0.66,22.2,67.76,0.81,17,8391
d807876b-f248-416c-a0e3-5c2d3ea6a4aa,2025-12-19,TWR-005,596.46,1,4411.64,3.3,1.3,3.5,94.81,0.89,29,2623
a04615b7-12fa-4473-8e11-fb74c488dd86,2025-09-19,TWR-003,544.84,2,1099.94,4.4,0.76,10.9,65.42,0.93,23,9749
63ce89a9-13fa-426c-b835-91d11a9d817a,2026-02-09,TWR-001,522.77,0,3380.75,1.8,1.03,13.1,94.22,0.75,12,4774
ab4acd28-d3ab-449e-a8f7-e121cc4721e8,2025-08-05,TWR-002,884.73,3,1020.95,1.1,1.02,19.1,86.03,0.68,20,326
2da3a3fb-123a-49ad-a25d-7858f72dd35d,2026-06-30,TWR-002,997.05,2,4077.14,3.2,1.99,21.1,79.15,0.66,26,2145
d37d0961-d611-4011-ba3f-14b1dd388778,2026-02-17,TWR-004,565.06,3,986.37,4.2,2.87,13.5,67.46,0.75,15,106
a1a9edf1-946b-40c0-9078-99a8dd2d94c7,2026-05-25,TWR-004,546.13,0,2204.09,1.5,3.58,14.8,79.3,0.6,27,1508
0bae048b-c00c-42fb-8d45-b07f94a44b7b,2026-06-04,TWR-002,411.28,1,1285.69,0.5,1.57,13.7,75.69,1,48,1384
d06f0f92-9b3e-4fb9-a3f5-6c2b806b7ba9,2026-05-22,TWR-003,961.68,1,4197.93,2.2,2.52,18.2,69.59,0.52,19,6116
6b8cd23c-ed46-43ed-902a-27aa407b28f7,2026-01-13,TWR-004,325.2,3,4869.78,2.5,3.6,15.8,69.25,0.57,37,2723
ddddc571-3bf7-412f-b1ec-0d8fb7ee5204,2026-03-14,TWR-003,510.92,1,2093.35,0.2,4.31,20.4,86.01,0.56,13,1023
623cff6a-053a-4557-bd74-04652f1b6d49,2026-05-21,TWR-001,160.24,2,1990.54,3.9,2.94,23.4,92.45,0.61,10,3624
dad9dfcf-f9bf-4bfe-a2d4-a089d85b1d43,2026-02-01,TWR-001,826.45,3,1164.78,3.9,0.98,20.4,82.73,0.57,49,3432
f206d3a9-d996-46a5-8330-401ed6310caa,2025-11-02,TWR-004,147.08,1,4893.64,2.9,0.97,23.9,62.89,0.87,23,6566
588ba282-3c1e-404d-8e66-08484251dbff,2025-09-27,TWR-003,686.59,2,1340.49,5,4.92,10.3,89.16,0.61,20,9042
b0baf4ca-26de-4a07-a555-ab62e8f0d68d,2026-04-30,TWR-002,442.58,1,2886.27,2.5,4.77,17.2,68.53,0.69,11,3951
71e90532-9ac2-426f-9581-eb97bf8a99a3,2025-11-30,TWR-002,231.01,3,2184.85,0.1,3.72,3.7,91.32,0.75,38,9397
482dcdab-aefc-435f-b897-e4f59842e7a5,2025-08-03,TWR-002,159.06,3,2712.65,2.5,2.05,19.6,94.08,0.88,35,3076
941fc4fc-4575-4f32-8ca0-af7557635f91,2026-02-03,TWR-002,104.81,1,3630.02,1.7,0.19,19.8,90.85,0.7,11,9051
d9346ccd-2fd0-4196-8295-ff17820f7bbf,2026-06-27,TWR-002,860.78,0,4485.5,1.2,4.48,3.9,83.54,0.83,14,6402
26ac4358-51f5-4d4c-b7bc-6d88cb057d15,2025-09-26,TWR-003,354.35,4,3654.27,1.3,1.88,8.8,80.55,0.59,17,6224
ca9d07a9-3b19-4f3f-b997-bc5fdb5c3f36,2025-12-24,TWR-005,231.42,3,1630.76,0,0.46,12.7,77.13,0.89,21,518
60808d6e-03c7-4543-af43-3d3c89ad76d6,2026-02-18,TWR-002,524.93,2,4816.89,2.8,1.96,11.4,62.49,0.7,43,6885
1c5df0e7-0140-42d5-a5bd-67c32cbce7fa,2025-12-05,TWR-002,365.46,3,608.87,0.5,3.47,9.9,83.33,0.6,48,8234
9bd385c6-1011-4500-b581-d22b33b015ed,2025-09-15,TWR-002,454.33,0,1999.93,4.3,0.34,17.5,75.63,0.72,34,4185
c52ac1a1-1ce0-4bf4-b540-0029573bf2be,2025-10-04,TWR-002,399.7,4,1994.94,0.7,1.79,4,92.24,0.84,22,7165
68294ca1-1304-45cb-be04-72d9db002cbd,2025-12-23,TWR-005,806.43,1,545.49,1.9,0.74,10.5,67.1,0.83,46,8711
0ce04424-a452-449a-a7e6-ee77446f0147,2026-03-31,TWR-003,360.85,0,4712.14,2.1,1.25,21.1,89.85,0.7,38,4285
67428511-3b6e-4f14-a62a-e54e7fd224e3,2025-12-14,TWR-003,463.66,2,3251.23,2.3,2.37,5.8,78.45,0.88,24,7980
323b8886-a286-4513-b677-913bce2cf138,2026-05-03,TWR-001,150.57,4,2151.79,1.1,2.67,17.5,60.97,0.92,20,8915
6b31eae5-3138-4c34-9e58-e009a0e03e72,2026-05-12,TWR-001,601.34,0,2075.37,2.8,4.93,20,77.58,0.93,50,9897
78b7556b-6c5c-4eab-bb65-c7adb5e5d0da,2025-12-30,TWR-005,138.15,3,1436.92,0.7,1.65,21.3,94.6,0.52,49,1766
9bed68b0-e54f-45e8-b23b-f6038528e182,2025-07-30,TWR-002,824.51,0,3912.44,4,2.87,18.3,72.14,0.94,7,675
7d41a981-4143-4f87-88c9-6e0d9af2d8f7,2026-02-22,TWR-004,372.35,2,2539.76,1.2,1.43,18.3,92.5,0.84,18,2426
92593cbc-0dcf-41d7-8d03-ffd46f29e89b,2026-04-20,TWR-005,368.44,1,3141.2,0.4,2.57,18.5,78.1,0.6,16,4411
670fed4d-a3f0-4305-87fc-a79d2377df19,2026-02-13,TWR-005,906.41,3,530.68,2.7,1.29,12.5,94.7,0.95,35,1573
92f0a510-ce66-4d05-a97e-d505dc733e47,2025-10-01,TWR-001,508.88,2,1477.22,2.8,0.61,4.8,88.42,0.97,7,117
039d08b3-7104-4be6-b45b-d2a9aa564e0b,2026-03-25,TWR-005,194.68,0,1928.31,1.4,0.63,7.8,86.65,0.89,44,4697
194ba15c-9990-470d-bb4a-55ab38658cb6,2025-12-06,TWR-001,436.38,2,661.84,3.9,3.82,17.1,87.93,0.78,14,8317
77b84d7f-148e-4489-ae37-a6f371ca7aac,2025-08-29,TWR-002,411.28,3,1856.03,2.3,0.21,8.2,94.83,0.6,40,1447
f1d33325-e35f-49f4-971e-b47c3ebe5d35,2025-12-03,TWR-005,216.75,3,4543.27,0.2,4.24,8.6,61.01,0.91,43,7182
1be9881f-cdb1-4d47-893d-437b471557ad,2025-09-18,TWR-002,689.71,2,3680.62,1.9,1.56,11.8,89.14,0.57,17,2068
355de1ea-d646-434e-bdb2-a68689f603d6,2026-01-21,TWR-001,116.97,1,2521.18,0.3,3.73,17,65.77,0.87,49,5500
e34d6047-7870-4adf-96b8-ec8a694c7798,2026-06-16,TWR-001,634.13,1,1622.51,0.4,2.48,1.5,88.5,0.81,49,736
7fda7af2-6b49-46d0-8cd5-099cd663ced5,2025-08-30,TWR-002,420.33,3,1911.88,1.4,3.26,2,94.32,0.75,28,9549
16e67af2-f2a2-47a6-a209-08ea24aa63fb,2025-09-15,TWR-002,685.1,0,2481.06,0.2,1.15,9.2,87.49,0.86,10,2734
7acb6036-7ef8-41fc-8c4a-09d3a243a0b5,2026-04-26,TWR-005,523.51,2,2120.11,2.8,2.74,19.5,75.11,0.59,30,7115
d273cd49-ad89-46f5-8a2b-51cd6f81be03,2026-02-19,TWR-002,752.12,1,1538.53,4.1,3.34,6.3,93.91,0.82,16,307
e2df3f94-aa0c-407f-9614-226efa23bf96,2025-10-12,TWR-005,131.42,0,4518.48,0.6,2.59,11.9,86.79,0.79,45,6253
744bae1a-0adc-4b59-a2a2-052a83089469,2025-11-15,TWR-002,423.06,3,3182.13,0.6,4.29,20.6,65.33,0.61,36,2117
cae41ca7-9d42-48f2-9022-02072510342d,2025-08-08,TWR-002,202.41,4,1435.48,1.5,0.67,21.4,65.73,0.57,22,6658
c8c06f93-ede7-44c8-ac37-2b5c97190d75,2025-09-18,TWR-003,484.04,1,2007.43,1.2,2.15,15.1,74.1,0.53,10,2014
499cfcca-56d6-4c99-a1d6-6cfeaabfbe7f,2026-05-17,TWR-001,192.24,1,1290.44,1,4.89,1,76.02,0.74,13,321
e50ef699-6cba-4e8d-bfe6-46e2895285ce,2026-06-30,TWR-003,492.22,2,4604.3,0.3,2,10,76.96,0.54,39,258
99503d3c-d3a7-4ce6-84ce-bb34131fcec3,2025-12-23,TWR-002,734.84,4,1878.78,4.8,1.18,5.4,67.94,0.58,26,2823
c7bb41ee-fe2f-46f6-b3f3-470cc54f98aa,2026-05-10,TWR-001,639.81,2,4762.08,4.3,1.59,18.1,71.33,0.69,17,1175
448ef9fb-1eb8-41fc-bd31-c0f6bb3e211d,2025-11-11,TWR-001,289.16,3,4462.36,0,1.79,10.8,66.68,0.89,30,4892
7fce6713-3468-4232-9c48-17815a1489f8,2026-03-29,TWR-002,127.21,1,808.37,3.2,1.22,11.3,78.23,0.64,23,1442
04394914-43d0-4cdf-b852-13b048d655d5,2026-03-24,TWR-001,388.66,4,2413.18,1.2,0.9,18.7,74.88,0.61,11,5177
c111e2db-ff34-409e-883d-0701751e7bf5,2026-01-22,TWR-005,507.65,2,1822.27,0.8,3.82,19.9,67.35,0.51,10,976
f74c3f8b-de4a-437c-a695-7a34598b0265,2026-05-14,TWR-005,846.66,4,4977.48,2.5,3.84,19.9,76.83,0.7,32,8401
365b95c4-559a-45aa-9923-a1e8d0841c16,2026-02-05,TWR-004,634.96,2,1598.5,3.3,4.54,17.9,90.4,0.79,43,7207
aef32eda-025e-47fe-aa5f-8b050ed274e8,2025-08-21,TWR-005,432.31,2,3181.3,0.7,4.66,18.4,86.23,0.6,16,1377
10249d0d-59c7-4489-b4af-8ec548a9427d,2025-08-25,TWR-002,433.93,3,1010.08,4.2,1.94,11.2,77.97,0.87,30,4117
b7e6c068-f9ab-48c4-872e-12284798aed6,2026-03-19,TWR-004,896.91,0,4992.96,3.9,2.32,19.6,84.55,0.72,18,8861
55bb3d54-9344-453d-8bae-a30d219ec5b6,2025-08-11,TWR-005,270.9,1,4647.85,3,1.52,4.5,66.79,0.52,37,8748
b2907ebd-acab-428b-b7de-223ee313dbcd,2025-11-06,TWR-005,635.13,0,1060.55,3.7,1.18,21.8,68.13,0.93,14,769
aad9ad7a-de1f-4ce8-a086-0ec4525288a4,2025-11-05,TWR-004,570.06,3,1416.49,4.4,1.29,7,62.63,0.78,34,7186
092dfe8b-e78f-40a6-99e9-34f4a1248b91,2026-03-24,TWR-004,613.53,4,2582.41,1.2,3.93,7.2,91.51,0.7,48,4859
043f7729-d12f-45be-a1e6-504259149876,2026-07-06,TWR-002,561.95,3,747.74,1.3,0.88,3.3,80.44,0.9,11,5419
6f267d91-e0be-403e-8f45-75b230173081,2025-12-31,TWR-005,406.65,2,4050.59,1.7,0.29,6.4,65.13,0.71,41,1873
2ca2926e-ffd0-478a-b106-dc72519d72a3,2026-06-09,TWR-004,248.11,4,2267.86,0.6,0.99,16.4,85.24,0.86,37,1175
64075fc7-27be-44c7-a07f-43e094d0e120,2026-03-05,TWR-003,334.56,0,683.3,0.3,2.66,12.4,81.33,0.76,31,3004
5667814c-c8ea-4d62-bbf4-aacb344aaad2,2026-04-08,TWR-001,784.53,3,3019.51,0.6,1.6,16.1,64.55,0.94,23,5600
5b981efd-c170-4618-90cc-225c1ea6091e,2025-12-16,TWR-001,855,0,1480.16,3.7,3.07,11.6,81.78,0.7,17,9314
e11c761d-2b69-4e40-b024-c2e22f1e714f,2025-09-03,TWR-002,442.68,3,4388.17,4.4,3.45,22.8,75.94,0.54,42,3488
003af6ff-be43-4f5b-93c8-9aae6bad37b6,2026-03-11,TWR-002,763.16,4,2606.85,1.4,0.43,12.6,67.57,0.74,33,1179
7b074a9b-8361-47db-bd67-0b5dbde36305,2025-08-15,TWR-005,161.67,3,3005.49,2.4,4.66,4.2,72.91,0.92,16,2473
b42a7934-aedb-48d2-86e2-6cacb6a4a046,2026-06-08,TWR-005,219.77,3,2285.12,4,4.3,20.1,83.57,0.9,42,1753
0365f2f5-5e5c-410d-bbfe-22fd3bb4adfb,2026-06-25,TWR-002,246.88,1,2326.26,0.3,4.26,9.4,90.43,0.58,42,8854
93859cbd-1054-418d-ba10-16117593e9f9,2025-09-03,TWR-005,982.93,1,2077.42,4.7,4.38,23.4,90.9,0.76,37,4380
be5aeaa3-34b1-4dcf-bf8f-e2b72d686d84,2026-02-26,TWR-005,271.88,3,3147.92,4.6,2.43,21.5,88.98,0.77,42,1046
dd633184-3146-4faa-960c-bc19d597d769,2026-04-15,TWR-002,307.23,2,2667.71,2.4,2.52,15.4,83.16,0.66,18,5907
52d7167d-229b-4f2f-8d62-c96d4a44869c,2025-10-10,TWR-004,165.34,2,646.53,4.5,3.63,20.1,76.49,0.71,11,2864
7fc20fb8-bfc2-46bd-a597-fbd56d91600e,2025-11-12,TWR-005,238.18,3,939.53,3.9,2.28,7,77.1,0.96,45,636
1254a7b7-2158-433d-89b7-bfbe280cefa4,2026-03-08,TWR-003,355.91,2,1461.16,2.1,1.9,19.7,77.16,0.63,34,8927
493d8271-e88e-4a3e-925e-9d278924e427,2025-11-27,TWR-001,504.47,4,2427.2,1,3.63,19.4,73.15,0.65,22,2117
7c9437b3-d1d0-452e-822a-21289766dc1f,2026-02-05,TWR-004,479.33,2,2308.17,3.1,3.28,10.4,90.01,0.76,32,3605
759eb095-8a53-4989-8d41-d561f7c8b74f,2025-10-21,TWR-004,199.94,1,4126.57,0.7,2.49,15.4,73.79,0.91,47,986
6e57e212-d9c7-450a-a1ad-49fa3f88c84c,2025-12-08,TWR-003,411.56,1,2629.98,3.1,4.22,1.9,79.99,0.63,14,6173
b7fb1e82-782f-4d9d-a416-3c053040fc73,2025-10-02,TWR-001,794.49,3,1799.63,3,3.71,1.4,62.97,0.84,35,7581
49b21abb-9f7e-4655-ba60-98842c32631a,2026-01-24,TWR-003,901.81,2,4121.09,3.4,4.69,6.3,71.31,0.84,47,4561
3100f2f0-17e3-40cc-b336-42ad0e6d997c,2026-07-04,TWR-004,289.71,4,3565.94,0.4,2.61,14.2,90.92,0.66,20,3181
ea08e9ab-84b3-4207-b1dc-34a419116627,2026-04-15,TWR-001,594.02,3,2863.89,3.8,3.49,3.9,70.1,0.67,32,8047
c25a5f70-b68d-419e-9049-1e61de1c19ba,2025-11-07,TWR-001,799.27,2,931.75,0.2,4.98,15.4,66.65,0.79,38,3097
77143d5b-c68f-4ed4-9f83-12de5f9ec33f,2025-12-16,TWR-002,645.37,3,2063.78,1.4,0.53,18.7,82.13,0.84,38,9765
64caa59c-eb3a-42aa-9dea-8d430a343273,2026-04-27,TWR-001,391.74,1,514.3,4.4,1.38,6.6,77.46,0.64,22,321
233a4842-7d4a-4e55-8d23-62ae4019dbf6,2026-03-09,TWR-003,849.95,4,4486,4.6,3.24,3.8,77.49,0.82,50,3695
190c4707-3dbf-4ab9-b2ac-b63f5947d890,2025-11-11,TWR-001,197.13,0,3495.75,2.7,2.79,22.6,80.42,0.8,36,5764
ae8e0289-a815-45e2-ae63-ae0c23dcc609,2026-05-07,TWR-005,899.39,2,3199.09,2.5,3.23,2.2,86.26,0.92,46,7882
20818bfd-5e89-4627-b3fd-8b4b3a68b795,2025-12-11,TWR-003,611.64,3,4038.24,1,3.21,21.6,91.57,0.69,13,3689
5be6d768-afd4-4ca4-a0bb-fac10299172a,2026-04-02,TWR-003,825.33,2,2714.05,4.5,1.62,8.7,87.58,0.6,48,4705
3ca46907-2042-435f-8262-246495d7bae6,2026-02-25,TWR-001,494.96,1,584.41,0.7,1.4,1.2,86.78,0.99,8,375
599e220f-8a20-4c30-b375-2a51cfa62505,2025-11-27,TWR-001,482.3,1,2609.02,1.9,4.46,4.5,91.86,0.75,40,8773
1b7f66e1-d847-4fe1-8453-5cbd2fa1b5a5,2026-04-25,TWR-005,695.45,2,2949.25,0.9,0.3,1.4,86.24,0.79,29,9214
5a77dfbf-ec2b-46af-ac35-5d98359a3999,2025-11-10,TWR-001,345.92,3,1087.4,0.3,3.34,14.2,84.54,0.7,36,5553
1e058a7e-c176-4f9b-9ae4-eec9bfd51919,2025-12-04,TWR-005,743.5,3,1624.2,0.3,4.1,8.1,71.05,0.73,42,4630
66cb15b6-f3df-49b7-89b7-395cc1ce887b,2025-09-18,TWR-002,380.13,3,4130.12,0.2,4.53,2.1,60.8,0.65,35,7782
cc093a70-c935-4b6f-9ca4-c4c1aac23c43,2026-03-04,TWR-003,588.77,2,4705.8,3,0.63,11.2,89.34,0.51,39,255
2cd7f637-5ba3-47b7-8b59-6f0ec302e2f9,2025-08-10,TWR-005,245.13,1,3695.99,1.8,2.42,10.6,88.44,0.5,18,1103
924aa2d3-f92d-4688-8593-2df234bcf8df,2025-10-15,TWR-004,590.7,4,3497.33,3.9,0.92,14.9,73.6,0.63,42,4166
3cbe1c99-47c5-46ea-8dd9-9840cae41a05,2025-09-16,TWR-001,150.65,0,1667.14,2.4,1.49,23.1,61.4,0.9,46,9686
c1349829-bc88-4eea-9f7c-03c3f5355f7d,2026-05-06,TWR-002,205.07,3,1568.49,2,4.5,21.5,70.97,0.72,41,8036
9912b462-f51c-48f8-b156-77a2cc1cb606,2026-03-27,TWR-004,697.87,0,4538.49,0.2,0.14,6.4,62.73,0.86,11,3673
0d6b3d0e-c2ef-4528-b151-bc98a35caada,2025-11-02,TWR-004,609.32,4,3464.49,2.9,3.72,15.6,87.65,0.98,46,662
402a4a37-89ea-4fcf-b499-2b62c67c91a8,2026-03-23,TWR-003,867.74,3,2342.4,2.8,1.66,2.7,71.43,1,6,1924
a1669dc9-5505-4481-a5a8-fffbbd0b11e6,2025-08-27,TWR-001,462.68,1,4183.57,3.9,2.43,3.4,78.01,0.83,41,499
bb501794-7b12-4fda-ab91-79c21792ceee,2026-01-11,TWR-003,842.31,1,2808.13,0.5,4.51,23.8,75.11,0.56,26,9149
dda3a8c6-5da0-4e5f-ba3b-b2c6c5b19e73,2026-01-30,TWR-004,129.05,2,3577.1,2.4,0.17,20.6,65.47,0.69,26,6736
d22ea7e2-3e86-463a-a8a9-e06384bc554f,2026-07-19,TWR-004,448.03,4,3315.98,0.5,0.71,14.1,93.8,0.77,36,4376
2908779f-eabc-4682-b477-d16a0e2d040e,2026-06-08,TWR-003,259.67,0,4444.02,4.6,0.96,7.5,81.55,0.62,24,9978
0e1b4541-422e-4917-be6b-efc38d5762b7,2025-09-18,TWR-005,722.89,2,882.95,0.9,3.69,23.6,92,0.78,34,4056
4c908e94-2797-447a-bcca-c3b1a03633ae,2025-12-31,TWR-004,199.62,0,3339.78,1.1,4.2,15.6,71.02,0.97,32,4699
5181b4f2-3333-4074-87e3-7168a497d346,2025-12-27,TWR-001,649.62,3,4040.26,0.9,4.77,13.5,81.42,0.68,37,598
13a40b8d-ec2e-43ac-83b3-118afc562bf5,2025-10-25,TWR-005,875.77,3,4947.94,2.1,1.1,7.4,87.61,0.72,36,2833
48083e19-dabf-49f0-9a01-79bbbc501dea,2026-07-25,TWR-001,305.77,3,1073.21,3,4.44,2.5,79.25,0.53,16,4184
96ea2e3f-e583-4eed-ae9d-cc8b22fb86c7,2026-01-18,TWR-004,362.48,1,4775.83,2.6,4.31,18.7,60.99,0.99,39,201
9682aef3-1a9a-4e1b-93f4-5e933f7b7d4d,2026-07-22,TWR-002,225.67,1,2262.38,3,4.02,2.4,76.71,0.8,30,7071
f04422e1-60fc-42ba-94f9-d62105985c5b,2026-01-18,TWR-004,334.02,2,3786.92,2,4.48,5.5,73.77,0.86,18,9624
a3846fd3-9ebe-4efa-8710-4622ea1406a3,2026-01-06,TWR-003,124.93,2,655.37,0.2,2.83,11.7,75.33,0.98,18,1557
ec18df42-2106-45e4-ab73-88af2e61f8fc,2026-01-10,TWR-005,327.39,0,2846.91,3.7,2.25,15.7,62.11,0.83,35,8535
6b0bd158-16ca-4fb0-992c-78607b9d3b94,2026-03-06,TWR-005,739.82,1,2181,1.3,0.69,20.6,84.39,0.72,25,7762
ddef0c6f-e8ff-41bf-a92a-134e69789298,2026-06-29,TWR-005,330.45,0,875.65,0.5,4.46,10.3,86.32,0.87,20,2711
363052fb-7021-41cb-8f48-f1e652c6dbd4,2025-11-28,TWR-001,495.71,3,2624.88,2.3,1.43,6.6,93.54,0.5,30,498
e47400a4-d3b0-4cc2-a362-72ae183b99f7,2025-10-15,TWR-005,762.83,1,4100.73,2.9,0.52,12.3,78.98,0.67,38,4842
6938946b-9c61-421c-9cf0-13ae99429bb3,2026-04-01,TWR-004,628.06,0,3130.31,1,2.34,8.2,64.03,0.91,35,8273
2f1a667d-fea8-4568-a064-c3904af1f364,2026-02-02,TWR-005,712.85,0,3351.67,4.6,4.96,3.4,89.28,0.86,22,939
a03c9023-e6c1-4f97-9389-5a3cef603a55,2025-08-17,TWR-005,431.59,2,1519.75,0.5,3.21,15.8,79.69,0.98,5,735
fd17635b-9ae5-48ca-bf70-28c71023e216,2025-09-07,TWR-002,981.59,1,4189.78,2.7,3,22.2,85.31,0.99,23,2190
82337838-6072-40e6-ae04-fa73e7719528,2025-12-19,TWR-004,780.09,3,2343.38,0.5,2.71,4.5,67.51,0.94,39,5671
bd3cc94f-f416-42ff-adc1-df0edd1725b0,2026-02-09,TWR-005,676.37,3,3815.75,1,4.59,1.6,90.48,0.74,26,8565
5c4284ae-d9d3-42ff-8801-8b2af0d38159,2025-11-11,TWR-001,605,1,1426.41,3.4,2.75,12.9,78.5,0.94,27,8237
853ee056-805f-4a9f-a576-2a1532d3fc50,2025-09-17,TWR-004,662.19,2,3295.83,2.5,4.14,12,90.66,0.89,29,707
4ee8e8b8-5611-42bb-9523-da93e4705404,2025-12-12,TWR-002,567.84,1,589.34,3.6,4.58,4.4,91.58,0.87,25,6865
ab4c3541-d1f3-469b-ba62-e15ebd144da1,2026-06-05,TWR-001,186.23,4,4399.32,0.5,4.06,12.1,78.58,0.65,45,7284
eaac9b86-9cc6-4ad2-9dec-38f6d84fac46,2025-10-26,TWR-004,128.45,1,3367.25,3.6,4.54,3.1,85.55,0.82,27,8897
13cf5b38-21b6-4d2a-a272-9d64517ec67c,2025-08-05,TWR-004,684.18,3,4602.38,2.6,1.74,13,80.51,0.69,9,8332
bf56d6fc-eae9-42ed-9401-510c18d6ce67,2026-01-09,TWR-001,413.79,0,2902.49,2.1,3.41,13.4,64.78,0.6,11,1650
f49a3560-011d-46ad-ba4d-0de93b6b6c5f,2026-06-07,TWR-002,466.39,3,2200.03,2.4,3.16,15.7,86.3,0.71,47,8727
73ccff68-c180-46b0-98b0-2c3720031077,2025-11-01,TWR-005,444.58,3,2898.21,0.2,2.85,20.6,80.02,0.71,41,8640
1de6c975-7c3e-484a-a85c-4c11531b48f8,2025-10-05,TWR-002,236.73,1,2238.98,1.9,4.3,23.1,88.12,0.68,7,6960
bad6684b-0aba-4172-b111-1b9d1ba61dca,2025-11-06,TWR-005,281.02,1,3040.16,1.2,2.15,4.4,90.86,0.72,16,2549
1d2e9c56-35fe-4a38-bd92-3dc2b00d1253,2026-01-11,TWR-003,852.13,0,1010.49,3.7,0.15,19.8,75.04,0.57,39,4966
e35fc3c8-bec1-45dd-9474-b73c9830380a,2025-09-10,TWR-001,826.69,0,4200.89,5,4.42,13.5,82.26,0.53,25,3698
9738ed6c-08a2-4c38-b1c9-3aa3b81dce81,2026-05-01,TWR-003,629.95,1,4130.63,0.9,1.55,15.5,86.48,0.79,14,6324
9e69c8b1-85f0-4466-90c3-b99b1e14797d,2025-12-11,TWR-001,609.22,4,3836.11,4.7,0.4,9.8,82.47,0.59,44,3923
c02e76d4-ee3a-409a-9cd5-bbb59caac883,2025-10-05,TWR-005,251.07,1,1674.36,2.9,3.31,1.5,82.07,0.78,23,1998
3ecd9ec1-13f8-4f3e-975f-1e65c7879ce9,2025-10-25,TWR-005,249.76,4,4143.55,4.8,3.29,2.8,71.32,0.69,17,4954
1a32f634-b111-4cc3-96ab-545535339f84,2026-04-22,TWR-003,468.17,2,2143.3,2,2.37,14.2,68.03,0.84,47,8646
64e3358b-01cd-408b-ba32-110bb5a82731,2026-06-29,TWR-005,823.25,2,2163.93,3.9,4.46,14.3,74.67,0.59,22,6810
45b3cbd0-1aad-4924-aceb-692791d4db07,2026-02-18,TWR-003,214.77,1,2532.48,3.2,3.74,17.7,80.67,0.77,41,1880
a36b0202-b23c-4a5e-bfce-bd86ce89a0f6,2026-01-19,TWR-001,945.88,1,3818.06,0.9,0.56,8.9,62.94,0.64,20,4722
7ca38a4d-35c5-49fa-a3ad-8546304f3a61,2026-07-08,TWR-004,606.17,2,1779.72,2.4,4.34,10.5,84.49,0.91,41,1397
2c63071b-5d31-45f4-a74b-d6f1d143e029,2025-08-11,TWR-004,353.11,2,2178.62,4.9,3.35,17.1,65.88,0.69,17,2402
3cc2ef5a-cd4d-44e9-873b-54c30ba06846,2026-04-10,TWR-001,181.99,0,3531.56,1.9,2.52,10.9,93.05,0.84,14,5100
863fba8f-f7a8-4ddc-89ea-c7e1c305b9a8,2026-07-13,TWR-004,887.05,2,2818.27,3.9,1.76,21.7,76.13,0.87,45,1059
e6fa5530-a50e-4f18-8d9d-27fdac20d766,2026-02-07,TWR-004,728.57,2,3169.67,2.5,2.7,14.2,61.08,0.64,18,7846
22ed64f7-084a-42aa-8f33-692489db272a,2026-02-28,TWR-003,143.99,3,4222.55,0.7,3.71,15.2,79.12,0.73,25,3975
022619fb-7a68-400a-9b31-56dda83c8d24,2025-10-10,TWR-003,558.53,0,720.97,5,3.19,4.7,74.56,0.51,34,6594
9ecd7f4d-a13a-44e9-9d9a-9b3a4d3af0a0,2025-11-10,TWR-004,908.97,3,1625.47,5,2.84,22.8,76.11,0.58,10,4799
49f9a4a9-3fe4-4b0e-a6fe-f4f0642c7c5c,2026-05-23,TWR-002,145.56,1,3435,1.8,2.92,20.8,81.62,0.64,21,8580
5693de01-160b-458f-aee4-f6e0a84f2c1d,2025-10-03,TWR-002,234.47,1,809.33,4,4.36,11.5,73.31,0.62,15,4842
d6a428b1-3950-4d14-8169-c19b45354833,2026-03-20,TWR-002,629.97,1,4382.39,4.1,4.99,5.4,65.18,0.78,26,9481
b1c50c79-db53-4a6c-8c89-8cf52a05a088,2026-03-01,TWR-004,803.97,3,2477.6,0.7,4.28,7.3,60.66,0.9,21,340
b9b17ce4-7c9b-4fae-b4fa-9148f5164cb5,2025-09-21,TWR-001,444.52,4,4646.12,2,3.86,8.2,76.68,0.63,38,4485
9aa0f5b1-8475-4f4a-ad95-0860f2b4b48b,2025-11-16,TWR-003,413.14,1,1567.18,2.2,4.97,4.5,87.91,0.76,15,2305
eb4305c3-bdc2-4a83-ad47-1cbfc6b05d8e,2026-07-19,TWR-003,692.45,3,3678.19,2.3,2.11,7.6,88.72,1,17,300
c29b7388-6022-4a2b-89b4-673044114091,2025-12-03,TWR-002,504.46,2,1196.82,3.6,1.31,4.5,85.28,0.73,15,7613
6cb8704e-f0ef-468f-92b1-dc533a56b226,2026-04-19,TWR-005,743.91,2,2193.69,4.5,3.51,15,80.46,0.66,42,8668
c92bc0f7-6b71-4bb4-9cd2-31b1fa26a61e,2025-12-03,TWR-001,162.45,4,2727.91,1.2,4.34,11.8,83.18,0.9,19,1836
75413ef7-93a8-4774-8b1b-57aa35df78b9,2026-03-26,TWR-003,863.79,3,2083.86,2.8,4.69,8.6,64.22,0.92,44,5222
e5fd82e1-0a17-46b7-82e5-a0919944d4dd,2026-05-07,TWR-003,925.64,0,1804.85,0.3,0.13,14.6,85.73,0.94,21,1125
5be9be57-1eed-410f-ba62-31733bc8e352,2025-11-11,TWR-001,422.64,1,3424.63,4.8,2.83,18.8,75.98,0.98,11,6253
f06246b5-c4cc-423f-927e-7f42120e65df,2026-01-28,TWR-003,914.29,2,4298.22,4.3,3.88,5.7,77.03,0.61,6,6625
ab754972-269a-44c5-be10-63e45ded75ba,2026-06-17,TWR-003,541.18,4,1312.56,4.2,0.71,17.9,94.24,0.76,49,7451
5a93580b-76d5-471e-a79d-131ac92c22f2,2025-11-24,TWR-004,838.34,2,3193.08,0,2.54,23.1,84.11,0.84,26,177
fd351a07-9ace-4564-8639-ea272de3ca46,2026-01-14,TWR-003,587.38,3,4684.33,2,3.11,2.8,83.75,0.67,33,2638
a8b731bd-11d4-48f6-aa18-4c902e3810f3,2025-11-04,TWR-004,952.43,2,1156.36,2.1,2.21,16.5,76.85,0.93,42,357
68ace308-1dc4-4943-ac60-2d44fadc9567,2025-08-31,TWR-002,372.34,2,3342.35,3.8,3.44,19.7,66.69,0.8,37,2200
d0f3053c-1188-44ed-b5b3-93683d31a846,2026-02-28,TWR-003,480.82,1,3709.79,1.7,2.64,17.7,88.76,0.71,19,9618
bf38ead4-1a56-4743-bed3-9a805182fb8b,2026-04-19,TWR-003,133.36,1,3802.04,5,2.55,11.4,60.34,0.67,12,2613
fe94b825-a62b-4a25-af20-167833b8546e,2025-08-16,TWR-004,638.2,0,3179.67,4.9,3.81,11.8,73.26,0.54,6,9060
f3933b29-528e-4a54-825b-993dde25fb1b,2026-05-24,TWR-002,368.77,0,4256.31,5,4.56,5.7,70.67,0.75,24,7143
0c7f43d7-4df0-4d53-997b-b18cb05c6192,2025-11-13,TWR-004,898.35,2,1026.36,4.9,1.23,16.9,90.47,0.75,15,5604
5a0c439a-6675-4ba3-aea0-6affa87612d6,2025-12-16,TWR-002,164.26,3,3045.74,0.7,0.39,18.5,64.35,0.74,37,9294
89065cb0-6f38-4da8-8196-b25c09c7a722,2025-09-05,TWR-002,623.94,2,3402.46,3.3,0.51,14.6,83.5,0.95,12,3418
40c83b8b-ddc1-4cf5-8170-d246e2bd87a8,2025-10-03,TWR-004,873.45,0,1223.76,1.8,4.86,17.9,74.69,0.54,29,3069
31d3a341-3dcf-47ad-8f14-cdfac7cb272b,2026-05-28,TWR-002,306.75,4,3109.5,3.2,1.25,1.9,77.26,0.78,24,7290
9e00e846-4048-4e99-aadc-d62817562d0a,2025-08-26,TWR-002,252.29,4,842.52,1.2,0.34,8.2,78.91,0.54,21,8605
ccf053c8-3b13-4cd3-8b1e-aa96a64f7811,2026-03-18,TWR-003,444.49,1,4835.97,4.7,1.12,19.2,72.77,0.61,31,8902
ecd347aa-84a2-46cd-8185-260362b5e975,2025-11-24,TWR-004,538.67,2,2837.26,2,1.11,18.1,64.88,0.7,47,7099
5b195500-ebfe-4d7e-ac32-7e7e118d3615,2026-02-28,TWR-001,147.87,3,1307.08,1.3,2.25,14.5,62.11,0.93,7,7254
98127c02-8295-4eb4-b59f-687c0db9b211,2026-03-02,TWR-002,762.26,0,3504.35,1,2.37,18.4,62.66,0.97,31,2271
a29abfc8-226c-4f57-8633-e0182614c5f5,2026-03-30,TWR-004,370.93,0,3976.68,0.8,0.22,5.6,69.94,0.97,22,3729
ac88fb07-e2ec-41c5-be4c-1e0ece184bd7,2025-08-14,TWR-005,649.51,0,2610.95,0.8,2.91,15.6,74.12,0.52,17,4363
3a67b5f2-f872-4799-9e29-98abadae82f3,2025-09-11,TWR-004,118.56,4,1165.35,1.8,2.34,13,67.41,0.61,31,6099
fdb5100f-707a-49dc-abe2-73958e4fc895,2025-10-13,TWR-002,436.55,1,2554.99,0.3,1.02,6.6,71.4,0.82,37,3829
3fec9621-3e1b-468e-a3c2-c6eaac22287a,2026-07-08,TWR-003,348.32,2,804.03,1.3,3.2,14.8,94.57,0.97,31,7471
ef6b324b-8394-41b4-abe7-f721d82689ca,2025-08-05,TWR-002,616.9,1,860.61,3.6,0.52,1.6,83.18,0.81,9,441
15ca2ccd-5f0a-4841-9a1b-c16ebdceb351,2025-10-29,TWR-005,135.07,4,2852.83,0.9,2.36,1.5,67.33,0.76,26,9275
fcc27ecf-8b31-49ca-b315-07f293995468,2026-07-04,TWR-002,196.58,0,3379.74,2.3,2.41,17.4,63.74,0.88,42,1269
aaca88e7-e24d-48cf-b218-ec82cd57188d,2025-12-27,TWR-003,961.92,0,1832.12,1.7,1.56,19.2,68.99,0.85,14,5983
557aef24-e955-4321-8f6b-186ef35c9ed5,2025-12-01,TWR-003,795.18,1,3058.37,1,1.71,17.3,87.21,0.9,33,2414
82be870c-3892-4648-a5e9-02ed252b88f3,2025-11-15,TWR-001,347.18,2,2150.03,2.9,2.92,9.3,71.66,0.78,9,7195
7518732f-76ec-463d-b955-8caab7fd8901,2025-09-24,TWR-002,432.57,1,3860.23,2.9,4.55,22.4,88.21,0.98,35,5451
17b6f822-9169-45b2-a004-05d017b3accb,2025-09-07,TWR-001,201.51,2,2864.04,0.7,1.47,13.2,71.16,0.85,26,5692
fc0a266f-a18d-4245-8820-82cbee1e7dd6,2025-10-14,TWR-005,656.86,2,2491.47,5,0.73,3.5,71.7,0.98,33,8321
fada2ed0-8d79-458a-a882-1fd4e7c2be69,2026-07-03,TWR-001,222.83,3,4168.01,3.1,2.3,2.3,75.29,0.58,22,2329
d7f7ad6e-7a2a-4b1a-a2d6-2a4557a9bf84,2026-07-20,TWR-004,210.78,2,3640.28,3.1,2.32,20,76.41,0.99,7,973
ec166345-f931-46cb-ae41-cf3e4777b470,2025-08-11,TWR-002,108.69,0,712.11,3,4.25,4.7,93.91,0.72,25,7822
303f1dc2-c6ec-4217-813f-c1bbbcb2f0ba,2026-05-10,TWR-002,139.18,0,2419.44,4.5,2.36,13.7,75.96,0.99,36,4142
494db5bb-1064-41c9-86c3-b9e97382eb39,2026-07-23,TWR-005,178.55,4,943.47,2.6,3.23,2.2,82.63,0.79,11,9370
990609a6-1d32-4726-b04d-7ba729e214ed,2026-05-11,TWR-003,902.79,0,4477.11,4.5,0.29,7.2,76.03,0.67,25,1321
acc6a600-ad31-45fb-87cf-9fa701274a39,2025-08-25,TWR-004,958.79,4,4351.94,3.4,2.6,3.4,65.24,0.92,26,8374
07c28c6b-efb5-4af9-8951-8894294b9e6e,2026-07-06,TWR-001,232,4,1794.98,4.1,2.87,13.6,74.6,0.52,30,5272
453ca7d4-0b2b-4e4e-98df-d9345738692d,2025-11-27,TWR-005,560.33,4,1350.68,4.6,4.07,16,72.54,0.55,39,5390
5a2f4f4a-8565-4726-afff-ceffeac07183,2026-02-18,TWR-004,191.31,3,4165.1,0.5,1.27,11.4,78.09,0.74,30,3363
147eb012-90a8-4ee3-b048-42ad44564de9,2026-04-27,TWR-004,484.47,3,4377.95,1.6,3.21,12.2,73.54,0.83,24,9298
a4d27d6c-7fd8-4984-af38-92104ba9e741,2026-03-26,TWR-004,828.53,2,1846.19,0.2,3.98,2.7,60.52,0.87,12,4088
ea27b740-c6dd-4502-8c17-93e3cc9d19a3,2026-05-22,TWR-003,116.53,3,2049.15,4.5,3.02,5.8,82.29,0.82,45,5437
af089d32-9e4b-4482-abf1-1a94b7736f4f,2026-02-07,TWR-005,934.56,0,4811.02,4.7,2.06,15.9,81.67,0.85,34,4362
36e1e6aa-6dd8-4e49-8d76-202b162453b3,2026-07-21,TWR-003,103.33,2,2637.28,3.9,2.89,18.6,81.65,0.51,18,6142
42c508ad-3f2e-4e0d-9fe1-afdbf6ac9c83,2025-10-12,TWR-005,726.11,1,3811.75,3.5,2.82,6.7,64.18,0.88,7,6330
76bb3ebb-a791-4caf-94ff-2743be574641,2025-09-04,TWR-001,319.97,4,2880.62,0.7,1.36,11,64.68,0.51,15,8534
0121424d-3388-4359-8e2b-e17782adc0c2,2025-10-14,TWR-001,638.61,4,3620.58,4.6,0.75,11.5,93.76,0.69,15,829
ac662f38-223f-47e0-abef-6b29858de666,2025-08-22,TWR-001,433.54,1,4226.89,3.9,4.45,9.8,85.58,0.55,44,7167
0a8b30d2-a9a9-48b6-935d-d57ef2e77972,2025-11-15,TWR-001,250.34,3,3838.47,2.1,0.12,17.3,88.27,0.84,32,2072
cea0352c-cd97-4239-8b77-683b77329305,2025-11-17,TWR-001,788.52,1,2656.63,1.9,4.69,8.8,88.63,0.99,12,5403
728d1323-30c5-49b9-9450-730563ccede3,2025-11-11,TWR-004,387,1,1023.72,2.6,3.75,3.4,76.58,0.56,28,5449
e110597c-4529-451e-a1cd-e428e2d66e3a,2026-03-15,TWR-001,298.96,1,3639.28,1.2,2.39,9.8,64.06,0.64,27,392
06f76c69-6d50-497e-81d3-dac15db6734e,2026-07-19,TWR-004,695.28,0,4381.05,2.3,4.51,8.5,65.84,0.78,24,9801
1dd6937e-a177-406c-9a8e-0cd53c72e01d,2025-09-28,TWR-004,170.64,3,3872.38,3.4,0.76,13.1,65.13,0.94,9,7457
a533ee1a-f963-4cab-8322-2754ae34f0f6,2026-01-23,TWR-003,157.76,1,767.41,1.4,3.56,4.8,84.5,0.86,19,8591
c2cceed3-6fa7-4f56-b0c4-b9abef1565b2,2025-12-30,TWR-002,621.43,1,2151.94,3,2.92,18.7,67.43,0.94,46,8406
b9e86872-edad-4845-8184-3a2940449f90,2025-09-21,TWR-005,818.73,4,4924.18,0.4,1.92,9.2,66.77,0.51,31,8930
bfb6b675-8e04-49de-9f7a-1d865def9a3f,2025-08-09,TWR-002,267.75,4,2246.29,3.3,4.84,17.7,71.4,0.85,14,7551
e8fd6270-4e6d-4649-b11a-455871f54943,2025-08-19,TWR-004,251.19,2,4658.62,1.6,1.99,1.8,85.45,0.64,9,4792
d38ad92b-d6dc-4be1-91b2-92fd18d9f0aa,2025-11-02,TWR-004,672.6,1,3430.52,2,4.81,11.2,89.44,0.65,27,6800
43a75a2e-ca7d-4e31-beed-1e4fc5cba9fe,2026-04-17,TWR-001,574.45,2,1173.98,1.9,4.07,11.8,65.34,0.85,29,2730
cc1713b3-a5e7-4d31-96d7-c666f5e68cb8,2025-12-16,TWR-005,293.87,3,1177.69,3.8,1.9,21.9,60.09,0.86,37,898
e4eef72f-7e64-4577-a70f-3e17fb91c486,2026-02-01,TWR-001,142.67,0,3462.7,3.6,2.02,23.1,68.72,0.92,39,2124
1a1a58e1-024e-4d14-866a-6d4051fbdc54,2026-02-18,TWR-001,994.73,2,615.94,4.8,2.31,5.2,66.65,0.98,27,6038
5227293d-7c48-488e-9651-ad3a824cc63c,2025-12-13,TWR-004,332.54,3,3956.8,0.1,2.13,18.2,80.64,0.67,22,6087
97d094c0-62f5-4160-b68c-7f2f1a099b31,2026-06-18,TWR-004,142.47,3,4553.75,0.3,2.11,4.8,70.29,0.8,22,8345
90c22629-17c8-477a-890e-ccd7427357ec,2025-10-02,TWR-002,844.55,3,1477.33,4.9,1.56,11.5,70.65,0.97,16,5699
1e98ed70-0aed-4db9-921c-4d5a5e0e861b,2026-05-11,TWR-003,980.15,3,516.11,0.6,0.68,7.5,93.53,0.66,36,9703
57a09afa-ccea-472b-8be1-c4253d51e906,2025-08-30,TWR-001,779.52,1,680.7,2.8,1.07,21.7,73,0.95,7,8102
d4df24f3-abec-4406-ab23-18376e20f1df,2025-08-26,TWR-005,102.47,3,1527.32,2.7,2.2,7.8,93.45,0.5,34,8479
1387eb8b-4c0b-43dc-8610-feb40dbcb67f,2026-05-21,TWR-005,532.05,4,3501.62,4.4,0.6,6.9,67.14,0.95,37,6494
bfc65963-91ff-4e38-8e5a-ff1afc0d6bf3,2025-08-04,TWR-003,485.98,0,2159.79,4.1,1.44,4.2,71.89,0.91,7,7696
84b4acd2-2bda-4867-8aa8-f6b26ed41b7d,2026-02-25,TWR-001,381.22,2,1108.61,4.4,4.67,2.9,77.63,0.79,26,6808
97220086-aa32-4470-9b1e-de23c86e5d7b,2026-01-08,TWR-004,451.19,2,2195.12,0.1,0.46,11.8,76.74,0.93,28,6437
b451953b-8df0-459e-8265-ed3285a9c221,2025-11-26,TWR-003,869.11,3,698.01,2,4.28,2.1,67.69,0.98,49,2954
5d061a3e-489e-4a56-b3e2-82bb93560133,2025-11-01,TWR-004,205.49,4,3259.23,1,1.53,1,61.97,0.7,46,5977
a9ca3f1c-4dd8-48da-bde1-7a7bcc73e114,2025-08-24,TWR-001,914.07,3,2881.58,2.6,2.22,19.9,85.96,0.63,11,5283
bdc91acf-bffb-4dbc-b812-d62f93453440,2026-02-15,TWR-004,748.25,4,1231.77,3.7,3.12,4.8,90.59,0.95,22,6211
4aae2410-4208-4989-92d7-e52726a98809,2025-09-17,TWR-005,328.46,2,3235.03,1.8,0.71,10.5,84.35,0.91,13,1200
5bb5efbb-9ded-4978-ab17-785bcfdfd2f7,2026-05-06,TWR-001,411.15,4,2276.52,0.4,3.06,4.8,64.58,0.93,50,2241
277f18e3-dd98-47d5-9816-d67bb87c5838,2025-12-21,TWR-002,754.1,1,1835.79,4.9,4.67,16.7,77.93,0.91,42,308
ff01b289-954e-498f-8830-ee748d09ef00,2026-04-09,TWR-003,438.39,3,3688.25,2.2,1.35,3.7,90.25,0.53,47,9529
5ac86580-651e-4703-b592-c9645a255abb,2025-10-03,TWR-004,529.24,3,3343.04,1.9,2.61,14.1,77.85,0.88,34,9491
9cb7b3e4-91ac-4cf3-b86d-5b94a502db06,2026-06-28,TWR-004,741.55,0,3027.18,3.3,2.13,21.8,94.89,0.59,26,8338
d5abb53d-ef61-4e9f-b1fd-eca457534510,2025-11-04,TWR-005,527.3,3,1944.39,3.1,2.92,13.4,61.51,0.78,12,9050
fd0ce098-6ffe-4262-9338-09da20f4cacb,2025-10-25,TWR-004,313.56,3,3468.1,0.6,4.59,14.1,84.53,0.64,40,3722
0308c89f-2814-4283-ac27-0b38b88d362f,2026-03-29,TWR-002,215.5,0,3179.63,4.2,1.12,5.2,86.21,0.71,9,7645
794c3eb8-bf42-41be-98b4-cbb1d25d97c1,2026-03-08,TWR-003,703.73,3,1093.6,0.9,0.32,18.4,74.05,0.96,29,4820
7f157666-5c09-48e5-869f-a10f8f89ea7e,2025-11-04,TWR-001,662.37,4,4639.93,2.8,1.33,15.8,64.83,0.88,33,9689
9cac3a31-8b00-4c0c-aaeb-208dab320d3c,2026-06-14,TWR-005,948.88,1,3391.39,3.9,4.69,22.9,79.19,0.81,15,872
674f108f-e512-4200-bd83-550bb963cd78,2025-11-10,TWR-005,608.92,2,4882.31,2.9,2.14,7.8,63.19,0.68,6,5809
95fbe1bc-49b4-4ead-b9aa-fdc51962fa2c,2026-05-12,TWR-005,211.26,0,1645.88,3,2.35,23.9,61.07,0.79,18,7077
8314005b-9c0a-44c4-9d0f-7ffc7784a180,2026-04-27,TWR-003,215.27,0,1960.88,4.2,4.72,13.3,84.59,0.93,45,7795
91ba6d46-8777-4d66-874b-411f50308427,2026-06-04,TWR-002,799.05,2,4975.9,2.9,4.32,14.8,75.9,0.88,27,148
7a639c6e-a2b1-41cc-9dc0-c27126dca226,2026-04-27,TWR-005,609.94,2,1432.36,4.3,0.68,12.4,84.4,0.53,36,3852
2aacacb9-0921-4dc7-97f4-133bddf12122,2026-05-16,TWR-005,846.76,3,1005.4,0.9,0.2,21.1,90.48,0.5,27,9801
c0d1d95c-8fa1-4c56-9dfa-65e598292638,2025-10-13,TWR-001,960.96,0,4318.29,3.1,1.7,10.4,70.07,0.91,45,2698
6218c67a-9432-4623-82ff-0d0e6b121a32,2025-12-10,TWR-005,649.87,2,2307.81,4.8,1.94,15,88.93,0.76,19,4416
aba4ecb3-3b8f-47a6-ad0b-ec94697f1008,2026-05-09,TWR-001,650.71,0,2422.11,3.2,1.18,15.7,68.02,0.93,19,6845
e3a81b9c-7728-4cc1-a06d-59f57f0e3d4b,2026-04-30,TWR-001,320.57,4,2645.25,2.2,0.52,1.7,91.55,0.96,32,1342
1de37bf2-7fcf-4744-a847-340b85cae7fe,2026-07-09,TWR-003,471.53,4,1282.19,4.7,3.28,2.2,82.44,0.91,36,1311
5d401ca3-7832-4800-b10a-1c6a2d55a431,2026-06-28,TWR-001,562.96,1,4342.15,2.6,4.59,23.2,85.64,0.92,42,4432
7161d1dc-cb15-4550-8716-b69153f5a712,2025-11-07,TWR-003,903.03,1,4197.53,2,3.67,15.5,78.17,0.98,10,8189
f06c4652-5a7b-452d-8d14-60cde191c06c,2026-02-19,TWR-003,620.28,0,1307.76,1.2,2.36,1.1,90.38,0.5,17,5321
df6c7b72-3dc6-4c6a-aff4-c512abe9df79,2026-02-09,TWR-003,709.02,2,1551.26,2.4,0.15,23.4,64.62,0.81,29,1545
92bb538a-96fc-43b4-95c1-fc85eeb120fb,2026-01-04,TWR-002,939.19,0,695.8,0.8,4.74,14.6,89.76,0.55,46,7543
63a88165-c1c4-4569-9918-0047fbd0a559,2025-11-18,TWR-004,244.66,0,1929.63,4.4,3.41,12.5,70.29,0.62,27,1795
f8cec1f9-529b-4fc7-9a5d-5a584c68cc91,2026-01-31,TWR-002,949.25,0,4920.54,4.8,0.71,3.7,92.25,0.74,34,2520
a6045ed2-ebdb-417e-bc11-8a183be614e2,2026-04-17,TWR-004,401.88,3,4745.16,2.2,2.05,17.8,75.71,0.6,14,808
3e756f7a-5e61-4944-b46f-4df02578605a,2026-03-30,TWR-004,609.23,1,4712.86,2.4,0.2,5.9,78.55,0.89,50,3501
47635e9d-a78a-4a5f-b4c4-e6d12041e37c,2026-01-24,TWR-001,408.86,0,2148.37,2.8,2.93,15.7,93.26,0.82,39,782
d078aabf-0632-4e10-83d4-1d1f42cd956f,2025-10-26,TWR-002,688.05,2,3563.42,0.9,2.71,12.2,75.85,0.81,47,9386
00012aed-505d-441b-ade3-832e6b8841bb,2025-10-10,TWR-001,555.49,0,1718.74,0.7,4.52,11.6,90.9,0.6,44,4767
c22add00-28c0-4ef5-a80a-62e70a81443d,2025-08-15,TWR-005,810.9,1,3611.93,1.6,1.35,18.8,66.52,0.74,30,673
