Record_ID,Date,Regulatory_Fine_Frequency,Data_Privacy_Breach_Incidents,Compliance_Audit_Pass_Rate,Customer_Data_Consent_Rate,Spectrum_Licensing_Compliance,Emergency_Service_Response_Time_Minutes,Regulatory_Reporting_Accuracy,Fair_Usage_Policy_Violation_Rate
4aefcaff-44d2-4227-b368-cc62c8bab7c4,2025-12-22,1,2,98.98,83.82,97.8,5.6,91.75,3.34
4b1e08cf-2374-45fd-b204-c97d6b8fe97f,2025-10-12,3,2,99.73,83.67,96.39,6.8,91.22,3.99
41cb4551-d96d-4eca-b989-43709de54e82,2025-12-08,2,1,90.54,90.16,95.86,9.3,95.68,3.49
ad7bdf89-c004-4ee5-8804-7fb91eec6f3e,2025-12-07,3,0,94.02,95.94,99.38,8.2,91.89,0.81
11f6d4d0-6115-4ccb-b2a1-ab103b72945e,2025-11-02,2,0,90.77,80.53,95.97,1.4,90.92,3.99
cf5980a8-da99-4ec2-a4fd-8d2ccff4be01,2026-01-25,2,1,96.54,80.55,98.64,9.1,96.17,2.83
e0b765de-c66f-49ce-96c6-fe424ef388a1,2026-03-08,1,0,94.03,86.57,95.67,4.8,92.59,1.1
eec23a29-51f8-4546-a939-b20f31ed2b48,2026-03-29,2,0,98.99,90.09,96.69,3.6,90.27,3.24
8f30b0cf-5ea6-4607-aaee-17c85dc06a61,2026-06-14,2,2,91.12,82.71,96.85,4.5,99.79,3.91
c9625a33-1b4a-467e-9094-429e8f2c1773,2025-09-30,0,1,93.16,98.48,97.92,10,96.23,0.99
f410d69c-8c23-4ba1-892d-d018b9ccc91c,2026-06-20,2,1,92.1,84.22,95.64,1.7,96.2,0.5
5175a231-4588-40fa-87e3-3fc2020113af,2025-08-03,1,0,97.95,81.18,96.31,6.9,97.85,1.98
ece89393-9b16-40ac-9159-4bcc7fa30b89,2026-05-11,0,0,96.49,94.36,95.25,3.9,90.83,2.92
9cae8332-576a-4280-a56d-e9ef7425bbba,2025-09-09,1,1,94.05,94.9,98.86,7.5,91.52,4.49
7ef0564e-1da1-4f25-a8af-1de04eee8f99,2026-06-22,1,2,93.1,90.86,98.69,9.2,98.44,2.72
6eb8064d-04d8-4e16-959d-6f2bf39cc48c,2025-11-11,1,1,99.83,87.13,96.9,9.1,93.77,1.28
12acaded-b135-4a84-a3de-396bf4e6bca2,2026-04-17,1,0,92.06,97.91,97.03,7,92.39,4.15
0be9dbec-2445-40d5-9c25-17f67af37823,2026-06-29,2,1,98.88,93.05,98.66,5.9,90.76,1.86
2d2c5997-1d19-4e66-98cd-9155f6b8d362,2025-08-28,3,1,97.25,81.3,99,4.5,94.07,3.96
11833f3c-7bf5-4f52-bb0f-3df209167e9a,2026-05-07,2,0,96.53,86.13,96.98,9.7,93.64,1.17
a200d049-9d44-4feb-9414-061b266a52a6,2025-08-21,0,1,90.67,88.73,95.79,2.3,99.09,1.79
01f30647-f838-4c9d-9132-e465a6c3b8c1,2026-04-21,2,1,94.54,87.7,99.86,2.6,97.17,2.78
ece24683-dd68-4b81-8a78-432b08532587,2026-01-03,0,2,97.66,91.16,97.1,5.5,95.72,1
88b426bc-7afa-4722-8e7a-df104e680466,2025-08-17,1,0,92.74,96.57,98.46,4.7,98.8,1.35
8cbd6f78-29df-4103-89f9-e3381b2cd84a,2026-05-24,1,1,91.84,90.65,95.04,6.8,94.55,2.28
dff42a32-5a6b-4d57-8ddb-bf60414b9a12,2026-01-04,1,2,91.68,83.16,95.82,7.4,92.33,3.78
cf903f23-75a2-46f5-8f96-f0b1dcb0a7bd,2025-08-04,0,0,90.94,91.72,95.84,4.7,97.82,1.62
8060e62b-1703-443a-9ca6-96efa7b1be16,2025-09-21,3,2,96.56,92.89,97.42,5.6,96.71,0.26
90e067eb-f298-4cbc-9fad-c75a9c392417,2026-05-22,2,1,92.14,86.98,98.31,5,96.26,1.15
c9a223f4-486d-4759-b3f4-db2590d7ad0f,2025-09-28,3,0,97.78,80.69,98.12,1.6,95.72,0.76
4fc91485-656d-45a6-be50-762761b08936,2026-07-03,1,1,96.64,93.46,99.04,6.6,98.01,0.96
b8e9cb43-c1f1-4a6d-8ea3-0106da408637,2025-08-11,3,2,98.52,91.66,95.96,8.1,95.09,4.6
0cf797b2-cd63-4283-b7a0-4bc83ef94b2e,2026-04-13,2,1,95.19,88.29,99.07,5.9,98.25,1.36
ecf6e4e3-7b1e-4f23-bb8a-46647c12f5a9,2025-11-23,1,1,96.82,96.65,96.59,2,96.25,1.51
3deaa53f-e208-43bf-a5e6-06fbb04e6f21,2026-04-28,0,0,92.33,86.24,95.55,5,92.78,4.17
f2cccf39-b96b-403b-aa35-cc535fdef6c3,2026-03-23,2,2,94.6,94.56,97.47,2,97.09,4.92
8ae2303e-1ec2-4dad-94ce-a81e93765a48,2025-12-29,1,2,94.55,93.64,97.91,3.2,98.61,2.93
513ad5c0-32d6-43b9-b641-81dafd3511fb,2025-09-08,2,1,97.66,84.05,96.48,7.2,96.03,4.84
45df0cd6-50b6-4ec4-9791-12ff47e1c8c3,2026-05-19,2,1,95.16,83.27,96.17,9.6,99.27,3.84
3b656d04-e05f-4fd1-88d2-5b0b8b7b825b,2026-04-29,3,1,96.61,96.91,98.38,4.1,97.28,4.31
75412761-ec07-4a0f-acc0-7ebcf8b34e91,2025-08-22,2,0,95.15,86.95,96.37,8.3,92.05,2.4
f95bae75-8b0c-47b1-8639-87d8a0303894,2025-07-29,2,1,99.71,90.88,97.16,7.4,97.35,0.95
ea3cf74b-cd00-437b-98ea-56bcdbe9fe7b,2025-10-02,2,1,99.77,94.23,98.19,7.4,95.7,3.09
29ef9623-6b07-44d1-8f87-70b9c75dc438,2026-01-20,1,1,97.26,98.35,96.78,6,94.55,1.1
bba8a9a0-1b66-4ea1-9f0a-77730f2c8843,2026-04-08,2,0,96.68,98.7,95.27,2.7,98.39,4.35
ff60cf80-577e-4852-9547-fecf82544302,2026-03-28,1,1,97.96,86.3,97.65,4.5,96.95,4.4
c3f6e211-893d-456b-9d52-819d7bf973aa,2026-02-13,2,2,93.51,81.81,97.26,9.7,93.79,0.24
2f432649-3597-40a6-b351-f5d3160a5c7b,2026-06-23,0,0,91.43,90.39,97.98,7.6,96.45,2.74
b5c8d9ac-6c2c-4fe7-be84-d4a1ad6e4b8b,2026-06-08,1,0,98.99,87.54,98.46,1.3,94.98,2.56
77f937f9-809d-4585-b2b4-890300bcc259,2025-08-07,3,2,95.9,90.81,97.42,4.4,99.05,1.86
99f7eda1-d3a9-4ff2-81ab-8dbd05254a95,2025-10-17,1,0,94.73,80.34,99.41,9.7,98.87,2
c50735c2-0fb7-4a1b-906f-d72d9a006cb2,2025-08-15,2,1,92.39,88.79,97.15,7.4,99.7,4.19
84b3a695-e713-4278-8b52-c27268b1f952,2026-04-16,1,1,99.93,85.61,97.93,2.5,90.25,1.91
9a68baa2-2f55-4330-aaf0-81eeda272609,2026-06-06,2,0,90.72,87.85,95.4,5.7,97.11,1.98
75b003d7-f206-432c-ac7c-46d6d357a26d,2026-01-09,1,1,99.14,85.03,98.24,6.8,95.23,1.67
890f3426-83a6-4580-af61-af1448d548e6,2025-11-10,1,0,94.26,91.38,95.25,9,90.42,3.06
66818267-20e3-49cb-85b9-967dad1a1077,2026-01-12,1,2,97.37,94.24,97.01,8.2,97.04,1.53
6387c44c-a0f5-4ca6-9fe5-6a8c2aa565c5,2025-11-23,1,0,90.41,88.77,95.49,7.6,96.07,2.05
d6719fdd-a262-4bb5-aaa9-750fc6892d96,2025-11-16,1,2,95.4,92.79,98.84,3.6,93.75,0.65
9deaf8b5-8f42-4954-9bd7-539dcf839914,2025-10-02,0,2,97.97,85.25,95.47,7,97.99,1.6
a3210ecf-fff1-427b-8b9e-0d78f45f57ad,2026-06-21,3,1,94.58,82.65,96.06,7.8,90.21,1.66
2310f4bd-5d3e-4c4a-aa3f-72ab8679fa9f,2025-10-07,1,0,95.18,86,96,2.2,99.36,3.87
0a3771fe-ede5-433b-84c3-7850344da737,2026-04-08,3,1,97.93,87.66,98.05,4.1,95.48,4.72
28ee1675-563c-4e3b-8885-1266cc41b731,2025-08-06,1,0,90.6,93.39,98.05,9,92.29,4.4
6a65a04e-6aab-4e73-9b83-f5341225ff76,2025-11-03,2,2,94.45,97.61,96.64,2.8,94.36,3.22
9452b853-2d36-4035-b3e9-41e9a948ff24,2025-10-30,3,1,93.53,86.58,97.21,8.5,98.15,4.11
e3f6176e-8f5f-4234-bec9-9db131abd97a,2026-03-13,1,1,93.79,82.17,98.62,9.9,91.54,3.48
01199e76-b477-4551-9971-2b830eb3d56b,2026-06-20,0,1,92.13,92.8,96.27,5.9,92.3,0.61
8c0d7228-5315-41ba-b5b9-770332a22623,2026-01-14,1,2,91.12,86.8,96.09,7.5,93.82,3.65
08d1b84e-574b-4fd3-a0a7-114b71e846a6,2026-02-15,2,2,95.23,89.9,96.16,5.9,98.6,2.07
76d3e810-48a0-4a95-828a-63229e0fb6bc,2025-11-10,1,2,92.81,97.01,97.47,7.7,94.23,3.4
ba0fcbfa-66c3-42d3-a4ce-0ab205af3c63,2025-12-09,1,2,98.9,80.37,96.8,2,96.1,1.08
7481dc07-a30d-4cab-bd1b-be36aadf0101,2025-11-02,3,1,97.31,87.55,96.23,1.3,91.45,3.87
5460bcfe-0ebe-4e27-90e8-b373a19a2b82,2025-10-06,0,1,93.58,87.89,96.25,7.8,92.36,3.23
289c42f8-bec9-4c0b-b0ef-00132e400b02,2026-03-12,1,0,99.15,98.07,96.14,3.7,91.46,4.38
7d553efc-faef-42e9-ae50-d5487a26f7c9,2026-04-01,2,2,98.49,94.7,95.8,6.3,92.8,1.35
3b048906-aa4a-484d-b3a4-b433d1de3382,2025-08-12,0,0,91.59,80.95,99.1,1,95.74,1.12
2b87b6e3-897d-488e-b52a-b83c041f39d4,2025-07-27,3,1,91.45,85.46,97.54,4.7,99.14,4.08
7e8e5244-3236-4086-b530-093ecf895dda,2025-10-22,2,0,95.47,90.01,98.2,8.1,94.7,1.72
4bee34e0-a0c8-437f-92e6-2f5e12766ae2,2026-02-04,3,2,91.52,94.38,96.03,8.8,97.86,2.48
30daf6f9-a578-482e-9bbc-a57b9e384059,2026-04-21,1,0,99,82.43,99.3,5,93.03,0.67
df2d4a62-004c-4b83-a984-61356efa5c3c,2025-12-28,2,1,93.97,92.8,98.12,3.8,94.15,2.55
b23fbb42-c3c6-41e7-9389-6c9efaf1f9e4,2025-11-10,0,1,97.04,90.43,95.98,7.6,98.44,2.34
cf90685e-911d-43e7-80fa-05992085ad29,2026-03-10,2,1,90.94,93.56,95.42,6.6,90.85,2.61
6107bdbb-c377-4224-af57-b60ffee7180f,2026-05-24,2,0,94.88,81.72,99.55,5.2,90.18,1.68
d64d1cfd-7c01-4901-b1fe-b92023cbed34,2026-01-27,2,2,97.58,96.82,98.99,4.5,96.74,2.11
9f89a7dc-9079-4640-9747-af231270d3ae,2025-11-13,3,1,97.31,86.94,98.57,2.3,98.32,4.83
8ad270cf-5e59-4ebd-8437-68d5ab22fa77,2026-01-22,2,2,96.82,91.99,96.17,2.7,94.32,0.75
a9b401a5-708e-4416-8d4e-930d51c51f80,2026-06-14,2,1,92.79,96.23,98.26,6.8,90.86,2.6
e25b377c-0b46-49b2-b742-720ff9da2105,2025-11-11,2,2,93.72,81.85,99.49,9,94.7,4.71
fdc96b31-243a-4c4a-8128-ada871e3139f,2026-06-04,1,2,92.19,92.01,99.69,7.4,90.6,1.99
ef96e380-62e9-44b9-baf0-479987a546b0,2026-02-22,0,2,94.34,85,98.81,1.9,90.61,1.95
88bf63dd-f029-4c6f-ad2d-c72697e65d23,2026-03-31,2,0,90.85,98.81,97.99,6.4,91.96,3.56
3d76b9f9-e174-4842-b700-5de333002237,2026-06-28,1,1,97.14,93.17,96.99,9.4,95.68,3.58
6721ea2d-a883-47e8-9b73-4b253a7ec9c7,2026-04-06,2,1,93.79,88.31,98.68,5.2,95.51,2.34
db3ae191-f9a5-40d3-9fc6-831f6d517170,2026-07-05,2,0,93.4,94.77,95.79,8.5,95.42,1.61
17228c6d-e01c-4de2-b0f1-173cf96f989a,2025-10-26,1,2,98.53,94.12,96.08,1.1,90.08,2.66
b0fd6766-11c3-4f1d-bfe5-4a7ca21afc29,2026-04-20,2,0,93.19,83.09,98.34,3.2,94.18,4.71
ffd68c7d-c4fd-4724-b123-dcd0adf49719,2025-10-30,2,0,91.68,96.38,96.35,9.2,92.94,1.42
78334bc6-defd-432e-b57b-c1fd4a0e4230,2026-05-22,3,2,97.86,94.37,95.63,1.4,95.71,3.45
392947c9-bcd2-45f5-b731-5f80ffb95457,2025-11-25,1,2,92.19,90.17,96.83,5.6,95.5,4.27
f4c1c8ac-8c8b-48f3-890f-57d5fdb91b54,2025-10-17,1,2,94.7,85.74,96.85,8.4,92.36,1.38
18c14a51-6442-4aaa-a9ff-055268de56e4,2025-12-20,1,1,95.1,95.61,96.22,6.4,98.43,3.38
a627416c-af60-496e-a13a-35de3b805474,2026-05-24,0,2,94.04,83.7,96.15,7,98.83,3.68
b0b76ad0-6240-480e-8aaf-656496266d7f,2025-08-15,2,1,95.11,84.34,99,4.8,94.7,1.09
1751152c-64e9-4776-834b-0931ed0fbcb7,2025-10-27,1,1,94.69,95.06,98.95,7.4,92.15,1.26
0c14f18e-a6c7-4f3d-b316-a89bb5f95edb,2025-11-23,1,1,98.31,90.66,96.89,2.7,93.46,1.17
71f7d1cc-3e2a-4efa-a77a-186f87ac0ba3,2025-12-23,1,0,96.41,86.63,95.21,2.1,94.76,2.31
2181bf79-25f7-4501-9deb-7ee5c2c234a0,2026-05-10,2,0,91.96,80.58,98.79,2.1,91.43,3.84
93061516-3338-4f89-b4cd-2aea826734c9,2026-01-03,0,2,95.63,87.52,97.95,5,99.61,3.91
9c80370e-2a3f-4322-a2c6-4943b44ee63a,2026-01-06,1,0,98.49,91.15,95.49,2.7,94.55,0.22
2208d132-5371-4550-a87a-044ac60f42af,2026-06-26,1,0,93.72,89.31,95.91,4.1,98.08,4.03
9fe0e411-aa76-4e1f-9957-77cbb1edfda3,2025-09-06,2,0,93.95,81.12,99.24,1.9,90.31,3.15
f08b2e5a-9e07-45f3-bfe0-459abac229c3,2025-11-27,1,2,97.53,93.79,99.25,5.7,99.96,2.33
4796cf1b-899c-49bc-8ed1-48c13b502621,2026-03-15,3,1,92.39,91.32,95.45,5.4,96.46,1.26
5374ca19-9085-4e75-b571-70b665209068,2026-03-17,2,1,98.06,92.6,97.53,9.1,90.02,1.67
c1ce790b-3922-4d1c-a5f9-f96498828b1e,2025-12-23,1,1,92.07,90.49,96.31,2.5,97.92,2.35
a9840505-2978-40a4-9452-b65747089499,2026-05-20,3,2,99.84,84.06,99.44,3,94.86,0.36
6780807c-6f17-4e57-a1ca-b70a497d1ebb,2026-01-06,1,1,90.82,86.91,96.33,6.8,99.17,1.92
01573f63-c5fe-4dba-b4e6-c9a82989c9b8,2025-12-20,1,0,97.8,90.01,99.72,7.6,92.83,0.15
a9dad8b5-3b08-4931-9945-f6825b515953,2026-06-03,0,2,97.77,82.5,98.1,2.9,95.75,3.4
2fcec4ee-5276-4f44-ac8a-850492e78ea6,2025-08-05,3,0,98.33,86.72,96.4,3.3,91.5,1.78
d956b8e9-9c63-4883-8cae-91c9d6af67ad,2026-02-06,0,1,98.19,96.56,96.56,9.9,92.09,3.71
33050590-b2d6-46cc-8439-3d275ab97e12,2026-01-06,1,1,98.41,90.24,98.04,5.3,98.6,0.66
bfc9a5ee-18a2-4be4-8e8a-05c65227b878,2026-03-16,0,1,96.4,94.96,98.89,4.8,95.24,2.03
0d42404a-4b63-4419-a866-cba5caab0d3f,2025-10-01,0,1,94.19,98.02,98.4,2.9,97.71,2.45
32209b88-6e37-4d07-a987-d6558e83d27d,2025-08-22,1,2,96.51,92.46,95.55,9.7,91.92,1.58
b18bafb0-d3a1-44d3-9610-c326a43c3546,2026-04-08,0,1,99.91,94.93,96.65,5.7,99.19,0.58
bf93293b-d5ae-44a8-96dd-a152c6483c68,2025-10-19,0,1,92.83,90.93,99.61,5.2,97.67,4.03
c8d43a5d-f3b6-4a28-b950-f971b3c2613c,2025-09-20,2,1,99.95,97.56,96.27,4.3,93.61,1.17
d9b57dac-db7a-49fd-9f34-5f3acde53967,2025-12-27,1,2,98.38,80.33,96.26,4.9,90.42,4.67
3987b68f-85db-4b0f-967c-c3aceee9eb4e,2026-04-14,1,1,93.16,98.73,98.76,7,99.51,1.42
09f60838-697d-40e2-9eb9-c09cc841ee91,2026-01-14,2,2,97.98,80.25,99.86,9.2,97.61,2.12
604c2bf7-db8d-42c4-8a16-641f2568cdcc,2025-07-25,1,1,96.72,80.55,97.4,9.7,91.52,4.58
fd9f3f41-1e59-49e8-a5fb-63207b9bb096,2025-08-08,1,1,93.62,84.36,95.1,2.9,92.14,2.69
42adc80d-3edd-4da8-b7ad-1914f211e499,2025-08-04,3,0,94.66,80.98,98.4,5.6,95.13,1.17
835bf940-ce6f-40cd-ae0f-8f4f9c5ed08c,2025-07-31,0,0,96.59,86.45,97.78,6.9,92.74,3.94
5db734a7-b66e-433f-9855-787f8ec64d86,2026-01-11,3,1,91.4,94.46,95.51,6.1,93.51,4.31
326e37b4-a5a3-47bb-849c-57a947357459,2026-02-10,3,1,99.38,87.81,97,4.3,98.93,2.93
84a900e5-aac6-4cb1-987d-98ff71aec34b,2026-01-14,3,2,95.98,81.61,95.53,8,98.45,0.54
5421b72d-9d2b-447a-8c2c-4eca7b5ad10e,2026-04-10,1,1,95.98,91.93,96.77,4.1,91.26,1.15
df298794-b54b-43b1-9cca-05123995b87a,2025-10-13,3,0,98.52,94.97,95.01,9.4,90.26,1.91
169e169d-7762-46ee-b7d1-358d804ac99e,2025-11-11,2,1,96.91,88.62,98.99,9.4,90.82,4.5
b4f89e2f-1d3a-40d6-a9e7-ed6af3b7fc28,2026-03-04,1,2,91.49,83.79,97.61,9.9,99.78,2.19
afe707ad-13d3-4ba4-b643-584d3348c939,2026-01-25,1,1,91.18,84.17,96.91,2,99.11,1.97
c238bbfb-a28d-4dc2-96ce-f07f997f1dca,2025-09-11,3,1,98,88.05,97.31,4.1,97.97,1.05
16018df4-8a60-4db6-8c02-75bdc4c61fef,2026-02-24,3,1,92.02,96.24,98.29,5.7,97.34,0.58
8542f66f-0adf-4c09-9801-89892e806469,2026-06-16,2,1,90.03,97.95,98.84,8.5,97.82,2.14
9d5f6915-5c08-499e-86d9-269cee57e178,2025-11-28,0,0,98.98,91.87,97.83,1.6,91.25,4.45
931073c7-4a52-4283-b55b-63c27716a613,2026-01-23,1,1,92.47,86.24,99.7,9.6,92.1,1.81
5e98b595-21ee-4707-b893-ec39c0f36359,2026-03-21,2,1,92.03,86.39,99.25,9.1,91.42,2.85
1adb0a15-b847-485c-b621-61c51f347fbc,2025-09-07,3,2,97.51,86.84,95.65,2.7,99.2,1.77
275d4fa8-3a19-4758-9e56-87de70f5bf1a,2025-10-16,0,2,92.64,87,95.38,9.5,93.14,3.2
1f1684d1-1f93-4ff2-b98e-7263a5554e2b,2025-10-23,3,1,94.44,80.39,95.22,2.2,94.6,4.64
1efa77e7-6623-40a1-b3c2-702c60971288,2025-10-18,1,2,98.46,83.44,99.26,1.7,93.97,4.71
1245045d-a01e-426d-87ae-e2b3f08fa35a,2025-09-26,1,2,96.92,85.39,96.35,1.7,93.78,4.61
e9fb8c4e-52aa-447c-b3a9-1d573c104316,2026-05-28,1,1,91.92,92.56,99.78,7.9,98.61,1.68
3dbfea38-bcaf-433d-ad91-85151d62da76,2025-08-20,3,1,95.18,94.8,99.09,1.4,98.58,1.27
123cecff-d39c-4b0e-960b-1d0ecd2bd231,2025-11-30,2,1,98.03,85.99,95.98,9.4,90.18,1.01
a076a5b9-1637-4928-8662-ef538127ff1d,2025-08-13,0,0,97.87,91.74,99.64,8.4,95.52,0.1
fde745a1-6d1c-4e14-a575-7006495525a6,2025-10-30,1,2,91.46,89.24,99.65,5.3,95.69,1.71
81c2e8f0-7e86-46c0-a9a8-ffef93b9876d,2025-08-10,0,1,99.27,93.44,95.77,7.4,93.53,2.04
4df3c967-33e7-496f-99e8-cbb52136cc80,2026-05-26,1,0,95.09,83.79,97.89,5.8,95.72,4.27
65f09502-87db-437e-91c0-a2de6b758d66,2026-02-05,1,1,98.16,90.86,95.52,9.5,91.34,1.53
03a46942-72de-4eda-91a8-0535f5debaf0,2026-07-03,1,2,97.08,95.82,96.24,1.7,95.73,1.52
a61be50e-dd89-4c66-9967-4b83b67f32aa,2026-03-09,0,2,95.51,97.84,97.46,4.6,97.11,2.36
0690281b-b9de-48f5-b30e-7cbe35dd1610,2025-11-26,2,0,98.48,94.53,95.25,2.1,96.38,4
a0157cdb-92f2-45c2-abbf-3a1053c7f55f,2026-02-18,2,1,99.89,89.62,98.79,5.1,97.25,3.83
e4a0138e-e76e-4b82-b204-9ef5ec0ae01b,2026-01-07,2,2,97.15,92.54,97.46,9.4,95.08,2.2
9a896f58-9239-4e99-b46a-8ee1140af51f,2025-09-22,3,0,99.85,96.5,96.17,4.4,92.18,0.62
288ad14a-98ef-4409-8ad2-2091da2dbdf4,2025-08-07,0,1,90.53,81.36,95.04,4.4,96.79,0.36
2f2d5114-2019-4261-992e-ee5149f61d8f,2025-11-19,1,1,93.4,95.7,96.52,8.5,96.61,2.19
a4305a92-2cd8-4463-906c-202fcc4a00e0,2025-12-04,1,0,90.41,96.41,98.82,9.9,97.01,0.97
81ec2c27-c10c-480c-bed0-25f574dd5418,2026-06-14,1,0,92.42,98.51,99.24,2.4,91.88,4.6
58c62aa8-3009-44e6-a75f-25125165ca16,2025-08-10,0,1,93.76,88.03,95.39,4.9,91.96,1.3
943b6a5f-7ad4-4979-84cb-56537702ecb0,2025-11-10,1,1,93.44,80.62,95.05,2.8,98.64,1.76
057025d6-0b63-4b06-9412-3cd557c6f03d,2025-07-25,1,1,95.52,81.68,99.83,6,93.57,2.86
8b020c1c-0ceb-41f5-ae62-2b5397c935c7,2026-02-14,2,1,91.53,90.32,98.4,4.9,95.95,3.41
e5b0d5cd-cbd1-474a-ab1a-24f52162d7b7,2026-02-16,3,1,99.98,90.69,96.13,7.2,98.77,0.17
7dbed500-8f9a-4e55-94c2-c8e67e3e9458,2025-10-31,1,1,97.52,91.29,99.65,1.4,98.68,1.51
f6d9e9bc-6d73-4774-85f7-02a63bb8c22e,2025-12-06,2,0,96.97,82.99,96.64,7.6,95.41,3.14
e33517e0-639a-4247-9cd6-0f88d51a47d9,2025-08-18,0,0,97.33,82.28,97.87,6.7,91.87,3.04
cd3c5ac6-79fb-4ba3-a2d9-98353bf8c734,2026-07-02,1,0,97.41,82.49,98.34,5.6,98.2,0.13
7893047c-98bc-49ff-96df-5a964739ff01,2026-04-10,1,1,94.33,82.67,98.21,9,91.56,1.56
dac250fa-73b9-4f59-a2f9-8e4441021417,2026-03-17,1,1,93.63,92.59,97.67,3.9,94.57,1.42
7a790a7d-2c52-403a-8005-103829613dc4,2026-01-05,2,0,92.19,87.95,98.94,1.5,96.07,3.95
221c7f16-d33c-4cdc-920f-2c4584776cdb,2026-02-01,1,2,99.94,90.34,96.92,8.4,95.92,0.42
0e443415-99ff-4d33-8482-eeec5e4a380e,2025-09-02,1,2,98.54,86.21,96.93,1.1,94.72,1.63
68c7f2c2-05e3-4089-803c-fb73d62fe5d7,2025-11-01,1,1,96.76,95.86,99.83,1.1,99.33,0.99
c73777be-3650-4560-874f-7c05459b81f9,2025-10-19,1,2,99.73,90.56,99.34,3.4,95.89,4.32
d2babd6d-b369-4307-b9be-299809c37abd,2025-11-25,2,0,92.72,85.75,99.4,8.2,90.72,1.31
6f3728f8-eb83-4fa9-8ffe-f115bc8241a5,2026-01-02,2,1,92.15,98.66,99.92,6.8,96.29,4.57
c5c369d8-d97b-4761-9e2e-2aa4dc08f14d,2026-07-18,2,1,94.04,82.88,95.75,8.7,98.8,1.34
b61758e8-d565-4ac4-9031-3c54aba029c0,2025-08-11,0,0,92.34,92.87,96.19,2,97.25,3.64
dd1cfb84-e243-4f22-a03a-c5886c6bf9cb,2025-12-25,1,1,92.68,80.92,97.21,5.3,93,2.21
8097b626-a0c3-4fef-864e-f0d28be0bcb1,2026-05-12,1,1,96.37,93.1,98.76,5.8,95.87,2.8
543f5975-91eb-46e9-9db9-ad7bde88b82a,2025-08-19,1,1,90.08,94.93,97.42,1.6,96.79,0.86
69910285-3386-4b9b-84f6-7144d07b6867,2026-07-05,1,1,96.23,86.03,98.46,6.3,93.25,2.19
24f682e7-ce78-493a-8a6a-baf26260a4e3,2026-03-23,2,1,92.39,86,95.56,5.4,97.02,4.57
3984df07-fadb-4ca1-8fab-0cc7d6fe5838,2025-12-27,3,1,93.38,96.1,97.62,3.8,95.52,0.96
3759f4c8-6796-4745-ab75-093a3bef9bbe,2025-10-29,2,2,92.14,88.04,97.92,3.9,93.81,3.99
23689ff5-e334-4a3b-a8c1-4d0fb164e4ee,2025-12-01,1,1,99.94,84.07,96.4,3.4,93.25,1.97
fa012d3a-e099-461a-b489-5bc351b451e3,2025-09-17,2,1,94.63,80.12,96.93,8,96.12,1.49
d58071dc-fbad-4ed2-8a1f-8cc9bab7f18e,2025-11-10,2,1,91.24,93.48,95.19,5.7,93.52,1.18
92eff339-fe5f-4df4-bae4-6eb49bdba332,2025-09-14,2,2,94.9,96.66,95.57,9.1,96.62,4.75
081c521d-dd14-49a4-b690-0cb28aa6759b,2025-09-27,0,2,94.36,91,96.77,8.8,95.63,3.08
381bd60c-d420-4e03-bd89-0559d950a94f,2025-09-16,1,1,96.01,91.12,98.37,8.4,91.67,3.94
0c958999-97d6-47a4-b35d-c1fe6a7f4aa4,2026-06-08,3,1,97.2,81.74,95.81,1.1,99.78,4.77
bfa464a1-411e-4cb2-b386-abe8d032e0ff,2026-06-05,2,2,90.63,95.19,98.99,6.7,95.88,1.07
5e49ce60-d8d9-4960-b512-45ced82331d2,2025-11-26,0,1,92.11,88.48,97.52,4.2,90.04,1.04
6191ffc4-8bc3-4a6a-8130-303c71e91f97,2026-01-19,2,1,95.1,85.92,97.75,4.7,95.37,2.47
52120b90-4961-4d95-a121-867e8b8ac540,2025-09-02,2,1,92.88,88.98,99.69,9.7,92.08,3.31
36493487-a9f7-437b-887c-b798af9e11cb,2026-01-29,2,1,99.45,97.51,95.9,5.7,94.01,3.94
5694648a-a81f-46ea-b23b-bb45b7e744d9,2026-04-16,2,0,92.61,89.4,96.93,7,91.34,4.39
73fbb4c8-665b-4d96-8e6d-ca2133619a90,2025-11-13,3,1,90.58,90.16,99.64,7.8,91.2,3.12
ff4bb071-ab7a-45b1-964d-6ca8bbe6499d,2025-10-11,1,0,98.62,88.35,99.21,5.6,90.66,4.79
557fba9b-2f62-43bd-be0a-8cf4f593ac70,2025-09-20,1,2,97.63,91.21,95.45,8.5,97.95,4.7
58fc0f0b-2203-4349-aea8-7424d7f0f2be,2026-07-24,3,2,92.85,92.04,97.84,6.7,90.35,2.6
ce4484c2-1c13-4267-aa0a-4367a12b57b5,2026-02-23,2,1,93.17,84.55,99.52,9.6,94.69,1.01
fc783b8a-5306-4d6b-8dc7-6b1e727e41a2,2026-05-15,0,0,94.89,89.14,95.27,6.8,97.58,3.76
cc72f79a-d518-4ce5-bdb1-7e62fce271f8,2025-12-12,1,1,95.02,82.82,95.97,9.7,96.84,0.39
3c5dcc7e-a739-43b6-a185-05aebe7d6845,2026-01-29,2,1,94.2,87.83,97.15,9.3,91.19,3.27
e3606c6a-9cb4-4576-ac0a-23c7b084dc6c,2025-12-08,0,2,95.13,85.71,95.31,1,97.39,4.39
3ba8e60b-b324-415d-a002-4f1cd0a7d762,2026-03-26,1,0,96.08,90.86,98.63,9.3,90.41,1.05
5f8da6d5-d0b9-4039-87cd-791ba7f01113,2025-10-01,1,2,93.37,80.91,98.15,6.9,94.69,1.67
9798d7a9-df66-46ee-8bec-2d023e410525,2025-10-22,3,1,93.28,82.08,95.93,8.9,90.15,0.4
79a89705-fac9-4bfc-8b39-e52e3d8b47b6,2026-06-05,1,1,98.19,95.56,97.28,1.2,90.82,3.21
94dd88d9-8099-4f91-9850-9d0f2992607d,2026-06-19,2,0,96.64,88.35,98.67,1.9,91.03,1.14
550f512b-e388-45bd-adf9-6cb4f5986736,2026-01-30,2,1,91.34,98.34,99.9,8.8,99.06,4.29
53e571bb-ff53-4746-9bfb-d42486ed5f80,2025-09-02,1,1,96.08,94.55,99.06,6.2,98.86,0.62
f3f1667f-3ce7-494a-aec9-82770c5c9c08,2025-12-23,1,2,91.97,93.24,95.46,9,97.1,1.41
ac05f441-be94-4e43-aa9f-cd78f7182558,2025-11-07,2,0,90.99,91.19,99.89,2.7,98.36,2.31
b0c7d260-dc99-45f0-b3be-9b1767c3edfc,2025-08-03,0,1,94.14,88.29,97.6,4.9,93.91,2.97
71598356-1d48-4f7c-9deb-22b7a5572f81,2026-01-09,1,1,98.02,87.39,99.49,2.8,97.54,2.29
d1e3d23b-5c9b-43ad-83bb-4955d0b6ef02,2026-05-01,0,2,91.67,94.23,95.45,8.2,93.98,1.75
a6cf833b-59b4-46fa-a54f-391845eb7850,2026-06-25,3,1,98.74,82.4,95.24,2.7,93.73,0.4
a8da1fb2-0678-472d-9f6e-40f855fc7e35,2026-03-31,2,2,90.18,94.15,95.33,8.5,99.51,3.11
2f884c4c-1f7f-4b1d-8077-d7c9d8ec677d,2025-10-05,2,2,98.21,98.62,96.68,10,98.5,1.67
4016ef0a-e726-41c5-83cd-fc6fdfe596b8,2026-03-12,3,0,99.79,87.23,95.61,9.8,99.63,1.02
29969687-2de6-439b-a284-4dcd230ed483,2025-08-05,2,1,96.06,87.57,97.95,7.7,96.66,4.35
0ff25858-6dd9-44d3-ac62-55df0ebeaf0b,2025-09-07,2,0,97.52,85.97,99.07,3,94.51,4.2
5eb319ad-4e5f-4ac1-a61a-703fb675de3d,2026-01-15,0,1,96.26,90.25,98.53,4.5,90.3,4.22
1dc4af15-4797-4141-ae4b-0e1bf4d8fdf6,2025-09-04,3,1,93.83,89.49,98.37,2,96.65,0.52
07acb6bf-4e39-443e-a0c9-cbaea8cae56c,2026-06-06,1,2,95.71,88.83,97.63,7.6,91.21,4.6
3ec709f0-d6b1-4803-a272-7eb6b98c3ea1,2026-03-27,1,0,92.54,92.43,98.03,2.4,94.31,4.45
825308e6-206e-4b2a-89ed-bac2b4d1f5a3,2025-12-22,2,2,95.76,89.16,99.83,6.4,97,1.72
fd690a93-51e7-4d1d-8eb3-8631e42dffdb,2026-04-26,2,1,95.2,88.62,96.89,8.5,98.03,4.88
d16e9c46-1460-490b-94a5-7836607fe797,2025-10-28,1,1,90.25,91.64,95.36,6.9,98.64,4.8
502551d2-859b-41c3-b67f-8402c42b2e44,2026-02-28,2,0,98.62,93.5,95.08,7.3,94.21,4.57
a4233814-db39-4b28-8aef-0e86713bff15,2025-11-25,3,1,97.33,92.15,97.41,8.2,93.75,2.66
b138787a-4332-4649-87b2-da9676a9327f,2025-09-12,1,2,90.51,81.8,99.85,8.2,97.33,1.85
c872d827-7043-4c1a-b6e1-6554b1342e00,2026-04-22,1,1,90.89,91.97,96.89,3.6,98.3,4.02
da55a507-59ef-4761-9a06-fe85a1c13546,2025-11-05,0,2,91.36,81.84,99.27,9.5,91.62,4.69
df6cfb00-b19a-41ae-bc24-cff53591aeb9,2026-02-22,1,1,91.88,90.91,96.9,9.7,94.84,4.64
8d20eb6c-66ce-4d46-85dd-c603c707bbdd,2025-12-08,2,1,91.56,91.63,96.41,3.3,99.49,4.86
fa172c19-1bdf-4603-9ad1-ae40c9ef8d94,2026-05-01,2,1,91.12,89.56,97.06,4.8,94.54,3.1
9aa2cb51-f0ee-4a79-b5fb-d928da6d1277,2026-02-10,2,1,97.82,95.99,98.29,7.4,92.18,4.92
6d587daa-17ba-4aa1-8e81-5979c8d8a6fa,2026-02-28,1,1,90.1,84.42,95.62,3.6,98,4.03
2905a9d3-4643-4869-a49a-a8e40e2539bf,2025-10-13,3,0,99.7,90.71,99.01,3.1,98.44,4.99
d7c391d4-b163-46a3-9d8c-43690aac0cb5,2026-04-19,2,1,91.57,88.4,99.73,3.7,92.09,1.31
2a8814fb-f8d0-4cd6-9c7b-7f50e4b18a63,2025-09-07,2,0,92.65,81.24,97.08,9.3,92.66,0.34
75aae3d4-1c12-475c-aa39-93e4c94e0741,2026-01-25,3,1,95.46,86.97,97.85,1.8,92.9,0.71
0d64c038-c555-4223-a55c-1530b199af16,2026-02-04,1,1,91.87,84.12,99.94,5.8,97.87,0.29
12cad83c-eb01-42fc-a2ce-d4ea0ebcec1a,2026-06-28,1,2,93.35,83.43,99.07,2.4,93.26,1.11
85899085-9c2c-4858-a9fa-cf6412433ca1,2026-06-11,3,1,92.88,98.39,99.99,7.2,90.98,0.22
3250512e-7cf4-40bd-94d2-6452c5cbc8dc,2026-04-02,2,1,94.95,90.87,96.38,5.8,91.15,3.16
a1de9c91-7e58-40fc-88e0-da189ba6bdae,2026-02-06,1,0,99.53,93.06,97,4.4,96.37,3.8
e4e98621-409b-42ed-83f0-0c0d7a45894f,2025-08-13,3,1,93.29,97.32,98.42,9.3,93.12,1.15
5620f10d-a6b7-4f82-812d-646cb23d5926,2026-03-11,0,2,93.28,97.29,95.02,2.2,98.04,2.3
e18c1d36-3a14-4914-87fc-beafdccbe078,2026-04-09,2,1,98.83,90.01,96.8,5.1,99.57,1.35
dfd7bca4-b246-418d-b291-127de25e5bfc,2026-02-18,1,1,91.05,98.51,95.57,2.2,98.72,1.15
08bae138-e7b4-4277-ac20-d89dd90da6a4,2026-07-08,0,1,90.61,89.7,99.3,3.3,96.86,3.19
b16bad0b-20d3-4b45-a7f2-732508ad1052,2026-03-31,3,0,93.18,81.24,98.25,2,99.01,3.56
1f4d04cf-aa26-4cba-819c-8cf32fd92c83,2026-03-30,2,2,96.46,83.46,95.28,2.2,91,4.97
1f5aa0df-97f8-4abe-be52-1cd53e7c0fbd,2026-01-01,3,1,98.02,89.2,96.19,3.9,95.87,2.93
3d1cb682-ac48-43cd-a19a-8d68c17e7662,2026-04-15,1,1,98.16,97.26,97.01,4,91.29,1.8
82f42373-3a89-4414-983e-6996990a4811,2025-07-26,2,2,98.68,93.95,98.04,4.7,90.68,0.73
d38d9d9c-2647-447a-ad8f-76ca80dc47ec,2025-11-02,0,1,90.91,88,99.6,6.7,95.53,0.33
b62b3a3d-a5e6-489b-9fe9-2fa2c4c4be16,2026-02-16,2,1,96.91,98.09,99.55,8.2,91.78,1
0175f264-2147-4e3f-9112-3b84ec4c1b65,2026-02-23,1,0,98.93,84.45,97.74,8,94.72,0.74
a552a8a4-c91e-4971-939e-57f412b5933a,2025-08-07,1,1,98.33,93.73,98.63,2.5,95.62,2.03
6bcedddc-2fac-4f31-9430-d8c3aa8e53d2,2026-02-24,1,2,97.75,92.74,98.23,9.2,93.07,1.68
212a1dc4-fb9b-4973-90e9-7ded57583388,2025-12-24,2,0,98.9,95.97,96.49,4.2,93.36,0.78
f8b595b3-8100-42b7-ba24-9b1bf3297023,2026-05-04,0,1,97.59,91.3,97.38,7.9,93.23,0.46
ec7fbfc8-67a0-436a-a52e-41c418f21904,2026-04-20,3,1,99.88,81.19,97.43,8.3,91.73,2.58
0e0b9cfe-5df2-4df6-bf06-148a3efb5138,2026-05-10,2,2,95.82,98.12,98.37,3.6,94.1,2.42
393c6830-7406-4aec-bef8-e47e4e671acd,2026-01-26,2,0,96.53,90.93,95.7,3.3,91.53,3.68
a2379f0e-e4b6-4c46-a062-43e6251588ab,2025-09-09,0,2,94.43,95.94,96.61,8.8,95.33,3.06
600be0ac-5eac-4a2a-acde-485502b6f1f7,2026-04-26,0,2,95.97,91.48,95.3,2.9,97.41,3.91
82ac25a0-6670-4985-bd27-d1ccc5d1ba2a,2026-07-05,2,1,99.82,92.03,97.91,5.1,92.44,3.46
748d2173-8fde-4fce-8cb0-bd5eacf8fb9d,2025-07-27,1,1,94.78,98.26,99.54,2.2,96.22,2.83
81d1bdaf-be6c-4a20-b6db-26f6310ff89c,2026-01-04,0,1,90.28,89.58,96.58,9.1,97.8,2.92
da568693-8a06-4f54-949d-fb36bf28bb5b,2026-05-17,2,1,97.84,97.55,99.4,4.9,97.17,0.91
e2f0d221-e0f4-420d-93ea-53620ab73960,2026-03-22,1,2,93.06,94.62,95.69,8.8,93.49,3.69
b636b1ff-21d9-43ab-b68b-8bf12fe21965,2026-04-19,2,0,99.55,89.15,95.61,3.7,93.89,0.48
26dc853c-4ee6-4c1b-8574-fde8964848c0,2026-02-22,2,1,96.24,96.59,98.02,8.6,90.02,2.77
3413632d-a04c-4ae1-ae4f-274612060f18,2025-09-22,2,1,92.59,92.57,96.56,3.8,92.23,0.96
1bfd2f40-acf7-440c-9ff8-a77bd7fd57d5,2025-12-09,2,2,93.11,95.8,98.37,2.2,91.63,1.83
632f12c4-ea54-46f6-8bf6-0608c1c7e619,2025-09-10,1,2,97.58,82.45,97.55,8.1,92.11,3.24
e6f3f4d5-aefe-48ab-bebb-b1dd547ec5d7,2026-03-29,1,2,99.84,86.91,98.42,2.5,91.83,4.22
e3e75ebd-3553-41e0-9174-eb3a57577fb6,2025-12-02,0,2,91.39,81.56,97.72,3.6,92.6,1.58
45c2e38b-4dc1-4cd8-9813-7e988ef1bbb2,2026-07-16,2,1,92.38,98.83,95.45,6.7,99.21,2.2
d9ec815b-b61c-4a8c-bae0-17ac2f26da62,2025-09-07,0,1,92.7,87.99,96.1,4.4,91.99,3.59
51569544-5be9-499b-864d-acfa2d2c6b70,2026-06-08,1,2,97.85,94.28,99.74,3.4,92.04,0.23
fabb100b-58da-41a5-b6ec-bf838a14fe33,2025-10-12,0,1,92.25,96.84,97.29,5.5,94.02,3.86
a6bb561b-e605-4427-9e55-4fceb6c877d3,2025-12-01,0,1,92.02,86.11,98.22,7.5,97.73,2.26
6ee69999-b189-44b9-a94a-f3fbeee5a74a,2025-10-20,2,1,91.38,93.51,95.81,7.3,98.81,0.73
c41234e4-83da-4928-9f4f-2daf43c6b045,2026-06-23,2,1,93.61,82.96,95.94,8.8,96.57,1.77
4eb6a609-a1d7-4b77-8e5f-3f1c8016a0c4,2025-11-12,1,1,99.36,93.13,99.63,1.1,93.86,1.92
c902077e-a4cb-4cc8-8ef9-754e09d6c63b,2026-05-16,1,1,98.22,97.61,97.01,3.3,98.7,4.33
2395a99b-c4b4-491a-851d-e808b6bbb795,2025-10-03,1,2,96.43,86.3,97.35,9.4,93.39,2.59
b5487cb0-1142-41d1-a998-c26d4bb36702,2026-01-22,1,2,96.86,82.93,98.2,8.2,97.72,0.42
eb5c44c9-68a9-472f-8046-e3bbc4b972a2,2026-02-20,0,0,90.5,95.07,96.61,6.1,92.43,3.66
0ed85833-17b3-40ce-99bd-76cc2121a9d5,2026-06-21,2,0,99.78,84.61,98.22,10,96.8,3.59
d639e489-7570-4525-8a37-df7c1ea7a22a,2025-09-20,1,2,97.24,93.67,96.06,4.8,96.63,2.5
74fd4c75-3d9b-4b69-ac58-9f6650078db1,2026-01-13,3,1,91.03,89,95.42,8.1,90.1,4.24
cce9e6b7-d86d-4076-9097-e38eb7b4bf9e,2025-12-12,0,2,92.73,87.48,98.96,9.7,95.88,3.55
a2414d7d-591b-44d1-820f-b08b8107a266,2025-09-22,2,1,98.21,83.09,97.88,5.1,97.87,3.43
fd96227d-e52b-4520-9617-bd4cd0107674,2026-03-20,2,1,92.78,88.81,99.03,9.9,95.86,2.25
b3173bc3-aeb3-4929-84c5-9154032d2f4d,2026-03-02,3,2,92.74,80.94,95.76,1.6,96.05,4.42
f3d6b8fc-eb86-4477-abff-7b5fcd1f5d08,2025-07-31,2,1,94.6,82.85,97.49,8,97.2,2.76
c162c8fc-81e0-4e56-9ef3-2df1a4759423,2026-07-22,3,1,96.02,93.33,95.6,6.3,97.57,2.97
a1868fc0-50f8-4350-add8-ddcc7aa110be,2025-08-22,1,1,92.89,96.32,95.89,5.7,91.98,2.28
f2aa69af-bbfe-4f5b-bdfd-68d74ae007aa,2025-10-09,3,2,93.99,90.56,99,3.5,90.69,0.28
59d34e03-fdbf-442e-b0de-9c94e396ca47,2026-07-17,1,1,97.53,81.7,97.59,9.3,94.15,2.87
d2a031e1-b63c-4044-8d33-2beb56b5c069,2025-09-04,2,1,99.77,90.44,97.01,7.2,91.79,0.67
8499b870-d059-4d8e-9478-b5c2ad3c2562,2026-06-14,2,0,91.23,83.87,96.81,8.5,93.85,4.01
dc0a60e7-a56c-4e93-99b4-91efdc40c260,2026-02-13,1,0,95.14,94.78,98.5,4.7,97.45,2.91
6d311998-605e-4451-9ca3-b49b80efa5c8,2026-06-04,2,1,90.74,87.34,98.42,7.5,94.24,0.24
eff33cb2-cb78-489a-90ef-fa8ffc33b927,2026-06-04,2,1,90.78,87.19,97.73,6.9,96.14,4.55
589fbd33-ffb8-412a-a298-d8484693b977,2025-12-09,2,1,92.76,95.82,99.51,3.7,99.64,2.66
ef699379-8dd6-4c7c-b965-34d203c8b5d0,2026-03-24,1,2,94.98,84.91,98.07,1.2,90.59,4.26
1bc1292e-cc4f-4e8d-8965-1626084db4cb,2025-11-22,1,2,92.24,84.74,95.42,9.4,96.1,3.7
928805ba-7994-4094-b651-f2e194137e3f,2026-05-28,2,1,92.05,87.35,97.77,9.1,98.08,4.02
6b5acbf0-3b81-4def-85f3-edae1476d696,2026-05-14,1,1,92.01,97.46,99.61,8.9,92.39,0.91
899230cd-da42-4d43-a24f-cd3daf153401,2025-10-14,2,1,95.57,86.52,97.87,9.8,93.77,2.49
53c86911-b6b6-4cc5-9f45-7e60444ac7c0,2025-12-18,2,1,95.44,96.1,97.68,8,97.59,0.79
8846e72b-8f03-4afd-b06d-6f461c6155c2,2025-09-12,0,1,97.55,81.28,96.38,7.5,94.58,0.91
9e5e85d0-2d90-43d3-be05-c3c17ef229cc,2026-04-01,2,1,98.55,94.26,96.36,5.8,91.43,3.56
ab673034-d43a-4a8a-b29e-f43cc1f613eb,2026-01-15,2,0,96.25,83.28,96.02,8.7,92,0.51
e144312e-52d9-4051-9443-a12d15114fe8,2026-02-08,0,1,96.94,94.46,98.42,2.9,94.88,0.73
96df7d1f-d045-4762-886c-44029e9d1d1f,2026-06-11,1,1,97.22,84.35,98.06,7.5,94.26,2.46
10faa0bd-fe8e-4530-9c42-c66e64ce1a99,2026-01-10,1,1,98.78,92.43,97.04,2.1,90.99,3.25
37687d25-4218-4d69-bfc7-1a8fa0b3d9bd,2025-09-13,1,2,90.99,89.65,95.42,9.1,94.62,0.23
7ebdac1e-212d-49cb-8951-847d55129d23,2025-09-29,3,1,96.49,94.77,96.91,1.2,97.33,0.22
9a482e1a-1170-4e62-8ea0-7d00e555b2c3,2026-05-27,1,2,94.82,95.24,99.88,8.9,91.06,3.25
39256d5a-6b3f-456f-9683-938784a015d4,2026-03-05,1,1,99.53,93.51,97.22,2.9,91.25,0.27
41126439-a6c8-45a3-9bf7-6f3f92577fb7,2026-02-21,1,2,94.27,93.08,96.96,1.5,94.38,2.72
515b3432-eab2-4f3c-974d-24d02ed50f4e,2026-01-17,0,0,91,83.86,99.2,4,96.88,2.58
fbbfc1a6-7a6d-4c4a-bc43-e39efeae6f7e,2026-07-25,1,1,98.69,90.04,99.12,1.9,93.53,4.79
b245bc4d-cc7d-44fd-b849-9c5c3555406f,2026-05-03,2,0,91.14,81.36,97.97,9.8,95.88,4.17
ed937c54-5188-4bd7-8ea2-4b9e55a5b2db,2025-09-30,0,1,94.93,87.52,97.48,9.3,90.91,0.91
83316c78-ffc3-486e-be65-c70fd41b63d2,2026-04-16,3,1,98.91,84.49,96.43,4.5,91.29,4.63
fd084e20-cfd3-4283-9b42-9811f1ce0ce6,2026-06-26,1,1,90.24,91.34,96.67,6.7,98.24,1.92
f4bfb3bf-3b0a-4096-816e-4b4f27a64993,2025-09-20,1,1,91.37,91.92,97.58,6.5,95.61,1.95
c7d1340c-d465-49a1-9ec0-8d17a544edcb,2025-12-13,1,1,96.78,98.14,96.6,2.5,95.89,4.85
40c56d63-4e63-4069-93e5-c3878170372c,2025-10-16,2,0,98.22,83.52,97.68,1.4,91.58,4.5
fe167f51-f1f5-434a-9212-bd66637cef3a,2025-08-23,2,1,99.96,81.73,98.9,3.6,94.49,2.74
fc425f0e-e33b-4767-b769-958f625d6912,2025-11-04,1,1,94.62,82.78,95.28,6.3,90.24,3.55
ee2a1146-07c8-45a8-bd13-c6cc626a12f4,2025-10-18,3,1,95.6,95.47,98.38,9.8,91.99,0.66
51cffa28-c129-4656-87ac-bbd6d29426a1,2026-05-02,1,1,94.12,86.36,97.9,9.2,99.45,3.19
6044cfcb-1b05-493c-ba84-5dc7065ab823,2026-03-30,1,1,92.02,84.08,96.65,4.6,91.33,3.09
ec6e6a96-aadf-4d05-93fd-549f5bc70b8f,2026-03-11,2,2,91.31,96.62,97.42,3.8,94.46,4.88
df25b121-739f-40b8-96de-f87d280ca9cb,2025-08-14,3,0,96.67,96.27,95.85,1.1,97.02,1.47
85a260c4-8b67-4b75-a8c9-6edf2ff4b1a9,2025-08-19,2,0,91.54,96.66,96.04,4.8,97.47,4.06
188d05e1-30f7-41f2-a9cb-0bcfe76d5b39,2025-11-22,2,1,99.68,94.85,95.2,1.4,91.52,1.26
f0d89973-30a1-49b2-bb18-d9ae50afcf8e,2025-11-15,3,1,90.35,95.25,99.96,1.4,93.41,3.39
d051ef64-b866-4dcf-aada-b8948c0035e9,2025-08-09,2,2,97.15,80.14,98.29,4.5,96.03,2.96
7431c5e3-b4bf-45de-bd5e-76edb80c6624,2026-07-18,2,1,97.14,91.65,99.75,8.9,99.85,2.35
6d1d9d2e-1261-419d-b0de-c28897d2d248,2025-10-17,2,2,94.25,89.85,95.47,7.5,99.68,2.95
7061aa7f-50ce-489e-bb7e-8fafa24d7755,2026-03-06,2,2,97.4,96.36,99,2.1,94.25,3.07
e85c55bb-2434-4e9e-9bb5-690d4834d608,2026-07-24,2,0,92.46,81.74,95.55,7,95.73,2.41
7fa7733c-2a4e-4cdc-bf5f-43a96025c45c,2026-06-10,2,1,99.32,84.19,95.73,5.3,95.14,4.97
4c77312c-ac79-4ef0-a51a-940eab0c7eff,2026-05-18,1,1,91.36,83.14,97.83,5.7,99.03,4.99
cf09def8-5bbf-42c8-9e26-48aa0b30ff36,2026-04-01,3,1,90.45,97.15,96.96,4.6,90.03,3.35
0957da44-ba2a-432f-9621-d609f0d8a597,2026-03-21,3,2,90.58,86.81,99.26,3.8,94.44,1.44
1beb9bf9-35fc-481b-a238-ff6194b80e88,2025-12-12,1,1,98.47,88.1,95.68,3.9,92.45,0.21
6df9c56f-bdf4-419b-9e2a-6fc99bd2cbe1,2026-03-14,0,0,91.56,94,97.06,4.3,94.83,1.08
2ed7f404-35f6-4a14-8165-e24e2822850a,2025-07-25,2,1,97.58,84.01,96.87,3.5,95,0.25
096d6ecd-0a46-470b-9746-c265f651daed,2025-10-07,1,2,96.74,85.81,97.68,4.3,95.22,2.38
b096ff65-5e8e-42e7-862b-61604df6f5e2,2025-08-10,2,2,95.62,95.6,99.34,8.6,94.57,1.42
43edf92b-fa23-4949-8711-8219b1e46d26,2025-07-30,1,1,94.06,94.79,96.66,2.4,96.22,4.06
a7a71800-474e-4354-ab5e-e7aa86f134e8,2026-06-21,2,1,90.62,93.03,97.05,8.8,94.27,4.7
5d93b088-e16e-4353-bbeb-51a659a387d6,2025-08-06,2,1,94.73,80.67,95.49,7.3,91.95,2.07
7e4421ad-1e32-423e-9c4b-6ca9bd45680a,2025-11-11,1,2,92.02,91.5,95.65,8.7,96.48,1.61
4c6177f5-be33-452c-8f14-c426b69095f9,2025-10-05,1,2,92.63,97.14,98.66,1.2,99.98,2.75
fe94d534-c346-4c53-a4af-8ef57f95c8ba,2025-10-30,3,1,91.11,90.08,99.23,2.9,98.82,2.25
79c92daf-e7eb-450c-a9cb-15ac11d5e7c6,2026-06-04,1,2,97.33,80.98,96.09,8.6,98.53,3.47
97df9c1a-7e0b-42df-81d3-58b01c17d21b,2026-02-07,3,0,94.19,95.55,99.61,6.8,91.85,2.15
c7bfa770-0b1e-4ad6-a6f6-a5909c4f871b,2025-10-03,2,1,99.46,80.85,99.32,4.6,99.27,0.5
202ddf7a-fbb8-4d4e-9aa0-58a2249c0cb0,2025-08-22,2,1,91.27,94.29,97.73,1.4,94.6,2.6
45dba963-efc9-491e-970c-dc7fb6a16547,2025-09-07,2,2,96.83,96.22,95.39,4.8,96.27,3.35
9a430f26-b1bd-44ad-892e-e6b1dfc0cd91,2026-04-01,0,0,96.64,80.03,95.26,9.9,92.77,3.03
639b16f7-1b66-4c8d-928c-8e569ebcade2,2025-10-13,3,1,93.75,95.33,97.01,1.4,97.48,3.83
329c4106-61e6-4d3c-8f8d-0cb2642e493c,2026-02-25,2,0,94.54,90.85,95.92,3,95.24,2.22
59165e35-3633-46b8-902a-d9d723a6b6ad,2026-04-10,1,1,96.59,84.15,96.65,2.2,91.88,2.1
50883bf9-a575-4869-801b-dc8fe0d13ed9,2026-07-23,2,1,92.45,98.43,97.44,7.2,97.81,0.53
cf66406f-97db-455e-a9c9-77b8fc0bd579,2025-10-09,3,1,93.28,90.23,98.94,2.8,96.36,4.39
374006b8-5b3b-4218-b414-cd24ed711f7b,2025-08-20,1,0,91.96,91.95,98.4,8.4,95.93,3.27
ef354b3c-ebb3-474f-9dde-144a4d80d58a,2025-07-25,2,1,98.73,94.42,96.44,8.1,92.27,0.9
22e5f139-f36c-4212-8e9a-ff77b8d14483,2025-11-04,2,0,95.39,83.15,96.42,8,97.12,4.07
b240c3e8-ca83-4c2f-99e9-5b01232b1e55,2025-11-18,0,1,99.2,98.22,98.08,4.1,97.44,4.04
3e3fdb77-07df-435c-a69d-909b0e1020d2,2026-03-07,1,2,98.91,96.42,97.44,2.6,93.17,3.21
3c1c4fe6-545a-4103-8dbc-9eb0a84c193d,2026-02-12,1,1,93.92,80.02,97.83,8.6,94.94,2.61
0c65e914-2f20-4e20-b381-7fd2312d89d6,2025-10-26,1,2,95.17,97.47,96.83,7.4,90.63,2.24
be4c37c6-e2ff-4733-88af-9f32ebe748b2,2026-07-10,2,2,93.79,91,97.57,4.4,98.57,2.94
88a1795f-f54e-4e9a-ade5-d4a5efd5d093,2025-12-17,2,2,92.22,83.55,98.18,4.1,98.85,0.43
dceed4ad-e2b5-4574-8798-aef80be5bc1e,2026-06-11,2,1,90.64,85.5,96.91,7.3,93.66,0.5
f93d890f-72b4-4fd5-9c68-5bf38af2401c,2025-11-22,2,2,99.05,92.51,99.9,4,98.3,2.22
50a2fce5-c76e-41f5-8410-e7843c53a930,2026-06-29,2,1,90.55,91.68,97.67,5.8,90.85,3.94
3d08a7c4-f994-4166-88e7-3798c0aa7051,2026-02-19,1,0,97.8,97.54,99.22,2.8,94.33,4.91
e4293e5b-0a7e-4703-9718-6d68009e0ae7,2025-10-31,2,0,91.56,81.65,95.44,5.7,98.57,3.23
c19692f9-df71-4121-a643-e58fb4fab8e6,2026-05-31,2,1,95.04,95.27,97.52,5.8,93.95,1.89
a90ca676-a119-4510-8d4d-f9db9b169dc9,2026-06-12,2,1,94.47,97.37,95.79,2.4,90.65,4.79
7991da7d-ab46-436f-8489-e4e18c67cc94,2026-02-18,3,2,90.26,92.18,98.59,4.1,99.73,4.4
f0032a83-8eb1-4c7c-b32d-cff657f18cdd,2025-11-18,1,2,97.27,92.76,99.76,3,94.39,0.85
83020838-43c2-444c-92dd-c90a998788ba,2026-05-26,2,0,97.86,89.67,98.88,7.3,95.79,2.53
42cbb9cb-a095-4634-828a-7e4fa3b051ba,2025-10-25,1,1,92.2,85.34,95.95,2.5,93.54,1.03
7e983c4e-24c4-4454-a769-4fbe5dbf7609,2026-05-13,1,0,99.93,96.76,95.89,7.4,90.15,3.86
bbfcb10f-dcac-49ed-9ac4-cdf9b8ab731a,2025-08-08,1,0,95.88,95.99,99.48,3.1,93.04,2.62
4277f594-775e-4273-b502-1bc13f52814c,2026-06-10,2,0,98.29,98.52,99.43,6.9,98.33,0.5
34d9c613-a6e8-4197-8be6-feeb7e94e39e,2025-11-09,1,2,90.1,91.43,95.04,4.7,95.66,2.18
572d6b63-9ba4-4b5a-930d-685e85d85d08,2025-09-09,1,2,93.5,90.38,98.87,8,96.06,0.67
134e603a-adb1-4a1b-8936-abfe527559bc,2026-04-07,1,2,96.58,93.16,99.17,8.9,96.31,1.29
309c5baf-7328-481b-9ad8-0fdbb39f1858,2026-06-10,1,2,98.89,94.65,97.61,4.6,98.48,3.76
7206a4b7-4a61-47e8-b841-80055f554197,2026-04-05,0,1,94.21,84.04,99.01,9.7,95.36,3.68
819bbc81-b224-4b36-a94d-e94bdc143fb3,2025-10-06,2,2,94.59,89.23,96.5,1.4,97.4,1.85
233eb938-4409-4b59-ba9d-5a24e85226fe,2025-12-05,3,1,96.11,85.4,96.56,1.6,97.25,3.09
aacd6fcb-ab0c-4722-b282-14277f2f2a72,2026-02-20,3,1,97.98,93.67,97.05,2.8,95.21,4.12
6d50792d-3dab-4a6e-a468-86e71270e655,2026-04-29,1,1,94.6,90.59,96.36,3.6,91.54,0.83
727c0cff-d338-4b38-8662-eb5ca4950a98,2025-12-07,1,2,98.04,81.13,97.6,8.5,96.94,3.51
47b06006-2783-4553-a89f-1a684ca8e0fb,2026-01-24,3,1,96.58,94.55,99.86,1.9,99.26,2.38
ea2efe19-7ae0-4e00-8b9a-b51ac657dff9,2025-09-08,2,2,93.69,93.27,98.33,1.6,95.07,1.96
f12fb649-0849-4382-b169-aff309cb1269,2025-11-15,1,2,96.69,82.21,96.98,7.6,93.06,0.45
2b7aee5c-e166-4f3c-a1e0-8ebc311da257,2026-03-10,3,1,93.25,88.88,98.8,6.4,91.44,3.42
eddcc9e8-3c92-4168-8b99-a967d73a34a4,2026-04-06,1,2,95.75,83.97,99.3,9.4,96.53,3.56
b85aebe8-abee-4ff7-a95f-7984187afcae,2025-10-13,0,1,99.88,94.57,98.11,8.7,94.69,3.16
09dcfbb1-863a-426b-bec5-73038907499b,2026-05-10,1,2,92.72,98.93,96,3,90.97,1.5
3c862e57-5858-4707-9c91-dd9e2ea48753,2026-03-24,0,1,95.45,80.63,95.17,2.8,97.91,2.14
01ff07cc-1214-46cb-af57-0abaa63b3914,2026-04-08,3,2,92.66,95.28,95.87,3.2,90.72,1
aa20c584-54b4-4bc1-beb4-fb9c41cf83f6,2026-02-07,1,2,98.6,82.34,97.05,4.6,98.61,3.81
9044eb8f-f7f9-493d-a20d-69975c0acfea,2025-11-18,1,0,97.96,83,97.45,5.4,90.43,2.56
a86e4636-00b5-493a-bf5f-cd2d96e5a622,2026-02-23,3,2,99.54,94.03,96.99,8.6,95.29,4.11
1ea5fc2b-7f26-4d8f-a277-3b678b6777e5,2025-09-04,0,2,94.3,86.09,97.23,6.7,94.69,2.96
2860fbf4-958a-46bd-9a4c-918582c23492,2025-09-24,3,2,98.57,93.03,99.74,6.7,97.57,0.92
370f8186-ad8c-495f-8481-aae4f34a98d4,2026-03-19,0,1,99.87,89.04,98,1.1,92.98,3.14
ecf9dbf3-550b-4667-bbfa-a9cbaf8de78b,2025-11-12,0,1,92.27,86.35,96.12,7,90.66,1.05
9b8b26c1-af81-439b-92f3-8cb7be76cb59,2025-09-25,2,0,90.78,90.64,95.5,1.8,95.58,4.62
c3c954da-ac97-4a00-a38b-21b2e31ce13a,2026-04-08,2,0,93.21,85.8,99.09,8.2,96.76,2.68
d242bc1e-041c-4310-b9cd-038d1e29bd4c,2026-04-06,0,2,96.82,83.93,96.54,5.7,99.35,2.5
89e71674-16c2-4270-bbfb-c7447e04425f,2026-01-16,0,0,97.84,81.21,95.63,7.7,92.77,4.04
1008e669-44ad-4318-a853-63872d581898,2026-01-08,1,1,97.7,82.05,98.33,8.2,99.48,0.86
9af877aa-2130-4c09-a805-185dd7fa7e35,2026-07-21,0,2,90.21,81.63,96.95,3.8,92.1,1.12
a20f189e-5e13-42b4-ad8d-e1603f87f576,2025-12-01,2,2,93.96,95.2,98.26,5.1,92.46,0.54
ee91933b-62bf-484b-bd7e-fa3456510b50,2026-06-16,1,1,99.63,95.28,99.31,1.5,92.4,4.56
00871a8a-a592-4d21-87ad-afa1333247dc,2025-11-10,1,1,97.87,95.03,95.74,7.3,93.75,0.62
56bb7b3c-cc74-4eca-a357-1783bdaddd08,2026-04-09,3,1,96.4,83.39,95.26,3.6,90.21,1.93
cc745a51-cea4-47cc-bffe-94f6e82c26d4,2025-09-28,0,0,98.57,91.27,96.23,3.3,97.52,3.74
b93cb1fc-2873-43a7-a226-724c0206511c,2026-03-27,3,1,99.92,95.02,96.69,7.9,96.55,1.04
9effd76f-e39c-4ea8-88f1-6785cd7b6eba,2026-03-01,2,2,91.63,94.7,96.56,7,95.48,3.9
db60aa03-f2c4-420d-81ce-578307212696,2025-09-17,1,1,90.03,80.75,97.84,8.9,91.89,4.02
b626dc36-7923-48fd-9039-89be2f9133c3,2026-02-03,1,1,98.14,92.57,98.32,2.5,96.82,0.99
f694ed7a-0836-45d0-988f-e1e94724ab57,2025-08-09,2,1,91.87,83.31,95.79,1.1,99.12,0.68
00c6d582-933b-4f94-9abc-41bc7f11f7be,2026-02-22,0,2,92.37,85.52,95.51,9.4,91.97,1.9
f57e4f6a-6ca9-4d22-8659-981f76b00fce,2026-02-02,2,0,91.58,86.12,96.99,7.5,93.93,0.17
73148ea0-d940-45d0-84ec-7d37443d8528,2025-12-06,2,2,93.5,92.96,98.9,7.3,96.98,4.55
38ad955f-66dc-4815-b1c4-417cacb3ab1c,2026-07-09,1,1,90.48,88.51,96.79,1.3,90.91,2.04
49f3fcab-a2a8-4e11-b840-e90e90f002f7,2026-07-23,1,0,94.72,85.18,95.2,3.1,98.88,3.8
e0ce8ee0-2986-4054-85e4-d4bfecbf9445,2025-10-20,2,1,96.47,89.93,97.39,8.1,93.19,2.43
de6a54f5-fd64-4c25-bb1e-fdaca92abe1c,2025-12-29,0,0,91.81,87.93,99.45,9,93.8,1.22
6fa35790-b645-48af-865f-1cd409e04ac3,2025-09-11,1,1,91.47,82.79,97.4,3.1,90.4,1.87
ba89c99e-ef71-464d-9f07-77f36de52e14,2026-01-17,1,1,90.26,84.25,97.62,3.9,95.71,3.67
53cc3208-ba36-4160-a066-2d16a83e67c0,2026-04-23,1,0,90.94,98.53,98.98,7.2,95.32,2.56
9038e92d-3deb-43c4-b2ab-3b87f9b41cdd,2025-12-10,1,0,94.3,94.51,95.51,1.9,93.05,2.12
8767102c-9bd7-4a9b-abd5-9e128e8a348e,2025-07-27,0,2,93.24,93.02,96.47,1.7,93.69,1.09
bb328642-286e-4933-a9be-3552a03b167d,2026-06-09,1,1,90.47,82.96,95.12,9.3,95.4,4.93
031a3743-c342-4bd1-91df-7d4f15ff9079,2026-05-03,2,1,94.36,85.68,95.84,7.8,91.19,4.61
3ff281a4-7f00-4aa5-b0d9-0b8777d44b00,2025-09-12,1,1,99.79,96.35,97.93,5.1,97.19,1.56
53cea2cc-2137-43da-8d7d-f18d9eb62c5a,2025-08-07,1,1,93.2,92.35,95.29,8.3,93.85,4.19
a9ffe679-42ed-4bcc-9cfc-af9a07efcead,2025-10-10,2,2,91.44,96.89,95.42,9.9,97.72,4.18
e3583a2b-8b1f-44cf-8a2e-21a603d546bf,2025-09-03,2,1,94.79,86.66,97.18,6.5,91.61,4.81
77be5918-1236-4610-b1b4-9ff1ccdb9159,2026-03-25,2,1,90.4,85.65,97.7,3.6,90.74,3.29
a050138a-fa39-416b-badf-ca1d91731ecf,2026-05-12,2,1,93.15,80.3,96.64,3.4,97.02,2.47
57428eb7-4d1e-4199-8c33-86f49e65643e,2025-12-13,3,1,95.88,97.66,98.2,4.6,96.76,1.34
79567d6e-b828-428a-8651-beebfbb5558a,2026-07-09,2,0,94.33,84.66,98.23,5.2,95.15,3.08
930b9f45-1373-4b5a-a842-72f921d1b43d,2026-05-22,2,0,93.18,92.99,97.2,5.9,99.64,4.7
a86f61d1-f4b3-48da-937b-a86f1bece2ab,2026-03-24,0,1,91.7,83.76,96.5,6,98.47,4.06
113dccbf-89f9-4b6c-8814-1b5e13d09aa0,2026-07-23,1,1,98.82,95.53,98.4,4.9,97.14,4.31
3e862931-f224-4f52-8a38-e0db6618752a,2026-03-08,2,0,96.35,88.88,96.85,3.1,92.77,3.52
d8364d56-9737-4710-a47a-d6675314308b,2025-11-18,1,1,97.29,89.28,96.46,8.2,99.94,1.25
ea689579-3750-4035-a8dc-a902b9deb59f,2025-12-04,2,1,95.3,98.2,96.04,9.7,92.73,2.49
2952c551-595d-40de-9826-7cdfd1fb060e,2025-12-09,2,1,93.51,92.95,95.41,4.6,92.91,4.89
e82137d8-6033-45c5-90b6-87f3da2ca799,2026-06-23,1,1,96.68,93.36,95.08,5.7,94.86,0.66
be9be244-cf58-450f-83e2-e2dcacf397d0,2025-10-28,1,1,96.81,91.41,96.39,9.6,94.7,3.63
e53369c9-6cfb-453b-b093-a08514c1e398,2026-04-27,3,1,91.48,95.67,95.41,5.6,94.25,3.54
50f27595-6c1c-4887-8862-b0a80b319ba0,2025-11-25,1,2,92.01,82.59,97.03,6.2,91.95,4.43
e1af8029-f61c-45b0-80c4-64839da381db,2026-01-01,0,2,96.93,88.49,95.35,5.9,90.03,3.83
9046f866-e7d5-4ec1-be0e-b497af35f6eb,2025-09-08,2,1,95.43,97,96.41,8.4,92.5,1.44
bb198eb3-be5a-4460-af6c-e4d7804b25f3,2026-07-06,2,1,90.71,93.85,96.98,9.1,93.96,4.18
f980c79c-9ff1-4c5d-97a0-9865aa3c7e8c,2026-07-12,2,0,97.43,98.85,96.14,1.2,92.03,2.63
