Record_ID,Date,Carbon_Footprint_per_Subscriber_kgCO2e,E_Waste_Recycling_Rate_devices_SIMs,Green_Energy_Usage_in_Network_Operations,Community_Connectivity_Program_Reach_Customers,Digital_Inclusion_Index,ESG_Environmental_Social_Governance_Compliance_Score,Accessibility_Features_Adoption_Rate
a7e6b43c-4b80-46fa-874f-1dc492c9f57b,2025-12-01,1.55,46.43,46.11,43632,0.53,0.74,73.03
3b786c41-14e4-4ca8-aba3-7955be59aad8,2026-07-17,2.07,49.94,44.45,7038,0.76,0.8,75.1
b7d59344-a028-425a-851f-4b67f6879e91,2025-08-22,8.56,30.38,25.8,45213,0.65,0.87,35.55
0bb5b9d3-dc14-4f82-9aa5-ef0a42ffae86,2025-12-16,5.56,43.72,23.53,18862,0.64,0.83,59.47
cf74209b-839f-49b9-ba01-5eb3441f0870,2025-12-03,4.98,10.09,48.45,36992,0.74,0.94,42.74
91277a63-c19d-4242-ac20-58c200cdc624,2025-11-27,5.38,23.66,31.46,41376,0.57,0.98,27.01
2febe403-6b68-4a31-bb44-3a236e03f732,2025-09-14,5.42,35.06,36.16,24151,1,0.98,29.95
9bf20d68-a825-4247-a93a-06e77c4a5238,2026-04-02,6.28,16.76,38.22,14195,0.89,0.75,49.64
8b3b74e0-3bc9-4896-8a49-0be6b9850ca9,2026-02-25,6.39,49.89,5.84,14908,0.62,0.91,30.98
f99c4533-b99b-4d3a-9de0-37d8acae8c55,2026-04-07,3.31,49.91,28.93,35057,0.78,0.71,20.56
ee5c1aca-bb41-4f30-bb4e-35ec98668841,2026-03-06,2.68,14.33,22.07,25193,0.81,0.72,73.55
80bc4dd3-d0ae-402d-af41-deab49399260,2025-09-14,1.29,37.2,29.95,23515,0.53,0.97,76.98
d675a622-6501-4320-aff7-a10791101265,2026-07-07,9.76,46.93,14.73,33050,0.54,1,44.01
edf4931a-816b-4fad-8718-a36d6afc3033,2025-12-15,1.87,19.57,9.12,45921,0.61,0.75,50.81
e919c0f9-cd41-4fb1-9aee-883574f66be5,2026-04-01,3.84,23.14,17.26,14950,0.94,0.89,62.85
18a59e54-6e5a-4610-9910-83e13389451f,2025-12-31,5.72,28.91,44.7,44993,0.67,0.85,24.02
356cda3a-ffa4-46f9-8ad0-10df4287e022,2025-10-30,4.79,14.75,27.43,3044,0.86,0.93,72.15
e7017bb3-d825-434d-a683-64e14a9c4882,2026-03-28,3.39,37.2,7.37,16300,0.52,0.73,54.21
523ec966-9271-401a-bbf8-7598271f8162,2025-09-03,5.59,21.92,19.39,23947,0.83,0.88,75.87
01a96af6-498b-46a8-aa43-7196fc9572a8,2026-02-15,6.58,13.68,13.63,11104,0.7,0.99,52.43
67218763-a1c8-46f0-8f9e-828eba517360,2026-06-21,3.03,26.64,24.54,45290,0.66,0.95,76.16
c695622e-7be6-41dd-8851-82e69d43bef4,2026-04-22,2.64,29.07,36.05,18947,0.59,0.98,65.3
91e0daeb-8cb4-4fd0-990a-80da0abc6f07,2025-09-24,7.73,10.04,43.15,23887,0.61,0.87,35.33
034a55a9-668a-4d53-9253-06a3527990d4,2026-05-20,5.56,10.7,31.32,3439,0.67,0.86,28.9
e8e89c81-a2ae-4262-9330-c52e55881a8e,2026-03-10,2.23,31.79,46.03,49749,0.98,0.83,61.55
d999e844-23ab-4e8f-80a9-af89208d6c11,2025-12-18,5.6,37.29,10.29,20440,0.8,0.89,51.95
5f8f8a34-3c9a-4466-826f-2e6bb825b2e5,2026-01-10,9.03,28.22,25.87,33091,0.85,0.88,39.57
7e70a458-e47a-482a-baf7-4ab4a8d28457,2026-05-06,2.64,35.57,37.24,33436,0.69,0.75,42.26
0be014db-7fb8-4ace-a9ce-6122928b83df,2026-06-29,9.74,18.6,49.92,28128,0.6,0.74,73.41
bb0756e0-9545-4efd-b7e1-74e1e7540b07,2026-06-28,3.17,39.04,40.7,40950,0.83,0.76,52.29
5e09231d-c945-4d6f-83a2-53c52cb536ad,2026-07-19,7.12,49.5,40.33,8383,0.54,0.89,56
f3e92fb0-7ee6-4b86-8e64-9e9159651114,2025-09-09,3.67,25.02,18.76,23788,0.51,0.91,57.25
e43db13a-b6ed-44b9-a843-45677ef90c22,2025-09-14,8.19,19.72,47.17,1111,0.93,0.74,36.12
d9c5dbed-d2fc-4aaf-83a0-55ba374b4859,2026-05-17,7.58,22.97,8.82,26662,0.89,0.75,61.96
c4faba25-9eb2-4ca1-8a16-d0266948c95a,2025-11-19,3.61,29.21,26,48477,0.86,0.9,56.3
7554f477-9c48-43d1-a5a6-f31a4896cfa7,2026-05-16,3.63,30.7,17.49,15487,0.73,0.94,44.8
f8302750-ce19-40c8-bbab-15ba9f9a2d6d,2025-12-18,4.2,45.41,20.69,46842,0.68,0.73,56.83
d98d5445-a411-4daf-b9fb-2797309068d5,2025-08-28,1.47,38.98,13.23,18694,0.56,0.88,73
d2014aeb-8e42-4429-ba93-773d21b2971a,2026-02-11,7.95,39.76,9.55,8825,0.81,0.91,43.17
2d1bd9db-2432-4cdf-b1b8-d0e0f7074dd8,2026-02-26,4.6,28.75,45.26,8683,0.77,0.87,67.1
b101c7ca-18ed-4669-b19a-a648fd63f3d2,2026-04-09,1.84,33.46,39.13,12009,0.83,0.86,62.29
d3d70c5f-cbf5-4da3-a011-530b7b5a9042,2026-07-06,6.27,26.68,20.67,41891,0.92,0.87,74.4
f255a421-0649-4198-8084-eaca518704a1,2025-12-07,6.69,46.89,23.37,17401,0.53,0.85,44.49
28454b2c-9b76-48bf-afb2-1678a8768c2c,2025-08-30,5.31,41.86,26.34,22898,0.78,0.96,27.09
44e44250-b231-4dbc-bfc1-a095ac247c8b,2025-11-05,5.97,17.53,44.19,42600,0.76,0.95,48.96
efa90856-1269-4528-b4b0-6d5a5ce0151e,2026-02-14,1.3,19.91,16.06,31213,0.76,0.87,49.02
9f8c9a09-446b-42f7-bbfa-1ba3c1c3f52c,2025-11-18,4.4,10.07,16.34,46655,0.57,0.7,68.21
80d63293-fcf1-49ad-bb20-db07ee275ecc,2026-02-13,9.07,23.74,26.22,6122,0.89,0.82,30.11
40a00bfb-17ee-4210-85ad-bacbde8b7633,2025-11-22,5.88,39.04,33.07,1234,0.88,0.76,63.86
9f7595f4-42be-4616-b955-97fb010b49ac,2026-05-05,6.63,27.27,9.05,48605,0.7,0.84,68.44
06bf3ab8-0d64-4e78-9b26-7eb80bd69431,2026-06-24,9.79,28.43,17.94,41468,0.97,1,40.56
f924be04-7127-4963-9f1e-b03bf5812cb4,2025-10-14,9.75,11.07,42.1,16414,0.64,0.79,55.61
0b22c018-c464-4229-b69f-550470f187c2,2026-05-06,9.83,19.09,21.59,26241,0.73,0.81,71.51
9cd4a5a5-7e5f-4df7-a69e-7e4ec2fd14ce,2026-03-12,2.49,38.38,14.86,42794,0.95,0.86,29.99
4f843386-774a-4670-8158-8ecf0e2820d0,2026-04-29,2.89,41.35,37.27,45768,0.93,0.78,30.31
0e5c41b2-e270-41ad-8dce-53996172d878,2026-07-20,5.33,15.33,11.61,7884,0.94,0.88,45.95
b6b94f36-9bc8-4664-aa22-1cd88a0e2250,2026-06-20,5.57,36.93,5.68,30170,0.51,0.85,40.73
766afd20-8206-46f4-b61e-6f9dc67d335e,2025-08-02,7.93,19.16,14.57,6428,0.85,0.98,56.91
720523fc-6d4e-40a2-ae29-ab4d8d3345d7,2025-07-25,3.47,41.87,14.18,37389,0.71,0.87,28.26
50da7eb5-851b-4658-a9ff-f34fce41babc,2026-05-27,4.89,36.05,19.97,41666,0.61,0.85,59.7
0216d3cb-1598-445d-928b-9aea71155c0b,2026-04-23,7.08,29.27,45.85,24466,0.58,0.81,23.79
6209c816-9073-40de-9b9f-c9e9340e4427,2026-04-19,4.03,30.02,15.17,23710,0.76,0.71,37.94
ec7bd095-c606-4ade-8fb1-a3a1de688477,2025-11-14,2.51,24.69,7.39,15636,0.77,0.78,55.54
0fc71ed9-3868-4d94-8d58-3cb8692c5a46,2025-08-18,9.17,18.35,29.05,17374,0.86,0.92,69.41
8b8c2875-be5d-4a41-b55f-5ac31985c9d3,2026-04-17,2.58,15.75,19.44,40255,0.85,0.78,66.37
711a10cc-8055-44c7-a2c5-35cab144d617,2025-12-28,2.75,11.33,39.66,6169,0.51,0.93,57.52
f72e084f-c4ae-48df-8bf4-1d1e8ba5682b,2025-11-16,9.83,21.73,14.05,40796,0.77,0.71,27.96
9abf466d-28cf-419e-9554-ba8811907dbc,2026-03-24,1.39,23.05,36.14,4497,0.65,0.81,32.48
b8ebdf61-089b-49e5-b49c-416556af7f75,2026-01-21,4.28,42.22,39.89,20288,0.64,0.87,49.88
0b9ae832-fe0b-438a-8a1e-55fbab875dd3,2025-09-18,5.23,11.51,8.87,21034,0.62,0.9,37.96
ef71c74a-83e2-4c3a-aa74-cb9db5deb1ef,2025-12-10,2.95,17.15,14.32,20311,0.81,0.76,62.78
9ebb535f-e192-4202-8e07-c8f2dc1ef14e,2026-03-14,3.75,30.17,34.45,21718,0.74,0.73,26.69
e835eba9-5344-4d04-865d-a0714f4a445e,2026-03-06,8.98,18.72,20.98,18916,0.93,0.99,53.63
d5b9493f-b40e-4e01-8be0-cf07e7998440,2026-01-10,5.88,33.77,46.96,47573,0.58,0.72,52.27
367aaed4-e6d5-46fa-8d43-3ef74479f491,2026-06-29,3.82,44.45,32.3,1530,0.53,0.91,25.02
9a49b173-ff9c-40c1-a7e5-6a024b18c929,2025-09-17,8.55,11.55,38.23,12836,0.72,0.94,47.52
aa3b1434-0b77-4ca7-b784-ee399fd8120a,2025-12-18,6.79,22.78,28.75,45665,0.91,0.83,68.5
fb42d885-3cef-432e-b515-af7bb242e1b0,2026-05-23,9.33,31.35,6.83,26194,0.86,0.94,75.65
40cff87f-a770-43d0-a1d5-0f85c9163de4,2025-08-15,2.88,38.19,34.57,43295,0.68,0.91,77.36
2fcfa322-c342-4c55-9413-a16231b13163,2026-06-09,5.79,22.96,32.33,4100,0.71,0.72,37.67
beb3f724-23fd-45fb-b21f-db2c7295d1e8,2026-07-10,5.75,22.51,32.62,24002,0.93,0.78,21.36
e64b0e1d-a1dc-4cd1-aeca-ddd7d46154e3,2026-07-12,3.76,48.63,33.38,17971,0.96,0.73,29.45
1eef4c33-167d-4b36-8789-70caa413f046,2026-01-12,9.39,27.93,20.34,49512,0.61,0.8,53.13
040a809f-a925-4432-b48c-032b020da505,2026-05-28,8.48,11.11,9.3,34054,0.54,0.94,73.31
8797c88b-56b8-4d30-8d8b-714dce57be5f,2025-07-27,5.65,36.03,29.31,47215,0.51,0.86,51.64
e00dc46c-208e-4220-a3fe-7206ddd470a7,2026-05-23,3.02,20.8,25.38,1739,0.71,0.83,30.63
74c893e4-b49d-4952-a9ee-5952c2fa302c,2025-09-06,9.97,17.65,46.49,17636,0.68,0.98,49.55
05091025-750b-4a67-9c4f-ac12689329e3,2026-04-17,7.38,11.48,6.8,3736,0.75,0.71,39.56
b0673fdf-a8cc-4295-b563-256f72a8411b,2025-10-23,6.5,18.11,22.9,41331,0.94,0.9,59.26
535311e4-d4ba-4e23-9cad-0ff81e9170bc,2026-02-09,6.12,40.11,41.97,48530,0.87,0.74,63.14
8a42cf77-78d9-4556-ae82-d3ad34932e09,2025-11-26,4.4,10.37,6.81,48771,0.98,0.92,71.02
5da30083-05d7-4e79-90b3-8b71cc07e56a,2026-05-01,1.66,29.1,45.84,39373,0.53,0.81,65.71
1323bae3-99a9-4f34-8b2b-ce0bd4f1b0ed,2026-05-13,9.03,42.96,21.07,11826,0.99,0.79,65.25
2275a2fb-4d02-4d2d-81b6-508604f838e3,2026-06-07,1.61,24.45,34.98,33371,0.64,0.86,75.49
cd9ee1d3-aa61-400b-9bcd-a585c6022cb5,2025-09-06,3.32,48.79,25.15,27212,0.89,0.93,42.4
2ea124b5-057a-4b74-a26e-bbb872debd45,2026-06-02,5.07,28.57,45.85,40152,1,0.93,49.32
a76e3ea4-8a60-484c-b506-20998308eb5f,2025-08-03,3.75,41.66,31.7,27537,0.63,0.87,74.75
c6117dcc-7c10-4b58-ae77-3db4fd0d59c4,2026-06-04,8.84,18.89,47.47,45825,0.91,0.81,34.87
b3733fe8-b9dc-44b7-bbf9-1fcf1b2a8beb,2025-11-30,5.63,46.47,28.17,48730,0.88,0.85,69.14
72238d59-fb21-490c-87c5-a5f48c7d155d,2025-10-17,2.33,21.42,35.19,46593,0.68,0.85,72.45
f4b05cc2-38b0-4908-a1aa-83440a20777a,2025-11-25,5.02,38.26,43.45,27492,0.54,0.95,63.93
10c1b291-4b24-45f6-ad98-d1d5a1337d7c,2026-02-19,3.44,26.87,48.87,31901,0.92,0.96,51.57
dff10c1f-28bc-4abe-bce1-3f93ba9217cd,2026-01-10,2.07,13.77,48.38,49510,0.83,0.98,58.72
c83465f0-4d42-4d32-b350-1a086b5f0f5a,2025-12-08,8.51,46.97,22.32,7363,0.78,0.73,29.36
70361f5d-b5a6-43f5-b505-b9a1d38da2ed,2026-01-11,1.42,14.69,9.97,11709,0.79,0.8,39.22
5efa940e-1999-4c26-af1a-ac87b79cacce,2026-03-19,6.85,32.78,8.82,39897,0.9,0.7,37.09
b5164ff5-aaaf-4360-9d16-4b605e56c3f2,2026-01-04,5.18,30.65,32.39,16004,0.88,0.72,64.78
e7cf3126-6601-4983-a354-818d07d19fb0,2026-07-12,5.28,12.45,45.72,8826,0.81,1,27.24
2f18b868-532f-4e60-88cf-13822f56272a,2025-08-13,2.38,45.92,7.46,12887,0.88,0.98,68.54
93546c78-77fc-48cc-ac68-a89b204e16ec,2025-12-14,9.69,29.7,30.84,41551,0.83,0.71,34.29
eb25c62c-422f-4d26-bf14-ddffd55212b0,2026-02-08,6.11,22.85,21.59,45058,0.77,0.91,45.31
2fc9081f-bd7c-4aaa-a267-ceb04e2b794a,2026-06-30,6.4,47.88,21.81,37568,0.64,0.99,65.68
c3112500-951f-4374-818a-8fb8f431f39c,2025-08-10,9.21,31.74,15.85,11963,0.89,0.91,23.81
4cece417-3b47-4f7e-b18b-f6a6ed1aac63,2025-12-21,1.81,42.7,25.61,8035,0.52,0.94,71.2
7e91748b-cd93-48d7-99bf-7fdbae5339d3,2026-04-26,1.9,26.2,21.87,42727,0.84,0.87,32.54
abdc1551-d4d3-45ca-a372-25a25d81bceb,2025-09-11,1.39,47.46,40.8,28685,0.71,0.97,39.46
45ac39cd-d6d1-4200-aaea-1e12f2fc1ad5,2025-12-25,1.92,39.29,24.98,41775,0.95,0.91,35.65
7602a16f-86d8-4183-a53a-d0d5eaabd62e,2026-04-26,8.94,16.36,44.01,37643,0.72,0.73,76.58
802be4b7-07be-4ddc-ad79-40b380c9eeed,2026-01-04,6.73,46.35,43.21,45595,0.87,0.99,54.05
1883a9a7-2b28-4443-bb15-b5ba9f8faeb8,2025-09-05,4.32,12.52,7.43,13071,0.97,0.87,30.83
3602fa5d-b1da-4a40-bee7-37c0d2b57974,2026-06-03,4.47,40.56,17.21,5691,0.62,0.71,77.6
ff46ae9b-b27a-4a02-8af9-6653a4604d9f,2025-12-22,6.59,34.23,10.95,33788,0.58,0.99,32.55
026cfa7d-cb24-44cd-b3df-d505e0db5e20,2026-07-11,6.84,48.26,29.71,29464,0.62,0.99,39.26
489ce051-2eed-4f8a-a43d-2fe3fcad2a55,2025-09-09,4.97,34.05,21.53,14154,0.93,0.92,45.64
4026326c-35db-4500-b4aa-e6f208253977,2025-08-18,2.33,21.33,48.62,32096,0.98,0.86,61.55
c504b25c-39e4-4520-87e7-86531a464fd2,2026-02-17,8.02,13.81,29.69,26368,0.63,0.9,66.9
102170cd-f0ea-4568-88e7-db4274ad0d80,2025-09-16,3.06,23.33,10.23,46675,0.79,0.96,27.51
700c8f6a-d814-4fc2-b685-ac9d89f23d0a,2026-01-03,8.24,20.23,8.66,29847,0.87,0.97,54.41
e03360b0-b543-4e2f-aae2-766f394915a1,2026-04-28,3.71,16.45,10.91,20235,0.9,0.84,37.25
02aa5001-d662-4afe-9e68-1c13f38557c7,2025-09-24,3.05,25.79,28.88,1454,0.92,0.91,33.63
8d8001cb-8094-4224-8cc9-b0ffe472069c,2025-11-22,9.61,12.06,17.44,31652,0.91,0.98,64.21
29e980ce-9bb8-4c8f-92ad-0eda4c9d9d44,2025-07-30,1.33,33.13,45.46,19799,0.64,0.94,33.44
baf18a59-b468-4a65-a03f-914f3da52280,2026-04-25,2.16,29.25,41.87,12622,0.99,0.8,41.02
4a44d1bb-4a59-4ddb-8663-da58b01ac66b,2026-04-03,6.8,24.25,7.77,33914,0.85,0.96,69.78
733cd4c7-c046-44eb-9451-35c14e6d81c2,2026-05-13,9.44,10.07,6.74,35942,0.52,0.88,47.73
1e7fa5c8-6079-44a7-888f-efe659c65549,2025-11-07,8.41,21.75,8.45,48261,0.66,0.91,58.47
adcd55a1-1ab9-4883-9826-27de74ee3879,2026-06-12,9.53,32.17,16.2,15987,0.84,0.81,77.63
d8496488-3a9d-4c0a-bb36-b236e7285a67,2025-11-14,3.09,35.16,18.01,40621,0.97,0.85,37.77
e0526fa5-062c-4d91-8ac5-7dfbdbc105ed,2025-11-09,3.14,10.4,29.89,14926,0.8,0.9,21.17
51a943ea-3702-4c61-ba86-025d7e952e9e,2025-07-28,1.1,28.24,14.15,40565,0.91,0.98,28.62
9e36b727-3bba-4102-aa32-4993a041d60b,2026-03-19,9.37,15.98,32.86,1487,0.58,0.73,78.22
28bfb305-fe73-444d-915c-b25009c2443e,2025-10-04,3.01,17.26,15.06,14599,0.85,0.87,54.25
8415dcf5-2e34-4146-8a6d-d481c9d38503,2026-06-08,4.22,19.74,41.11,46804,0.93,0.9,32.44
220ccd7b-c752-4407-8193-1f9fc439b02e,2025-11-01,2.2,32.76,19.71,43071,0.59,0.86,51.13
1951def8-f99d-49bf-a06a-9f753eeb62a0,2025-10-26,5.27,16.93,6.19,4537,0.5,0.8,35.54
d544c3d6-b9c6-4b8d-99fc-cad84ed1182c,2025-09-22,7.24,35.31,49,43280,0.59,0.73,32.97
53dda17b-9750-4b7b-965c-102d83c1ddfe,2026-07-02,3.54,24.78,41.97,20290,0.67,0.71,71.55
a5ec2d30-ae59-44eb-b36f-fb69ed9ebaaa,2026-04-03,9.4,45.58,47.37,8548,0.7,0.87,61.91
b13930e4-c7d5-4206-bd0d-8594615f7114,2025-09-21,4.69,41.41,37.98,2867,0.94,0.78,39.87
c81c6a69-6140-4310-b99c-446e97ab0a87,2025-07-25,2.46,35.43,42.01,30932,0.88,0.9,28.69
2fa094f9-0202-44d3-9f1f-8c87f1977b85,2026-02-26,5.28,43.01,36.01,19359,0.59,0.77,54.82
b6139b45-bdd0-4f84-a0da-a866069dc92e,2026-01-30,8.05,31.38,30.16,18734,0.72,0.73,43.8
4b2408bc-9c14-42c1-929b-eeb2af8868fa,2026-01-04,1.25,36.43,38.55,15294,0.88,0.93,45.9
5e60acfb-8a8a-4363-a6d4-3415fcb34edf,2025-09-11,6.65,27.38,37.42,23363,0.87,0.88,30.42
e59aa10f-95f2-41a5-861e-2e71010615e7,2025-07-29,5.11,13.35,9.06,48688,0.96,0.91,57.63
a0ba0774-b8ee-4ef4-982d-4362f5d6c74f,2025-08-11,4.46,35.61,20.8,26346,0.51,0.88,33.82
b032be5a-169e-450f-b375-290732db46b2,2025-09-17,5,46.64,18.37,34249,0.95,0.8,25.12
d13c3961-ce2f-4b76-aab6-929be2867ec6,2026-02-11,4.73,39.4,11.63,40643,0.5,0.84,73.6
89ccf413-929d-42aa-9c94-dcdaa00a6964,2025-12-08,5.26,49.25,6.95,15985,0.61,0.73,53.46
8b5f591f-d227-4c6b-9417-f3569b40a226,2026-06-09,1.13,12.36,22.44,36817,0.8,0.92,40.78
1b5ea625-6624-48ee-a2ae-52fb1262570a,2026-03-31,5.46,18.83,26.97,9842,0.64,0.95,78.98
9a3ed3f0-1719-487d-8bed-f6346bff452e,2026-07-06,1.33,21.18,43.04,48894,0.93,0.76,36.15
2ed9887b-1f56-4569-905b-35a517cc2254,2026-06-20,8.95,27.49,42.79,1727,0.85,0.81,77.74
1cf1e26d-b1ed-4623-a5b0-082d4c4db47c,2026-02-27,5.35,32.53,24.37,35921,0.88,0.77,36.32
d22f656a-fa68-4b0d-b411-32dce5fab348,2025-09-17,1.58,18.84,31.78,27110,0.55,0.74,22.91
ea0a267f-a995-431e-a2f4-a5eedd5e0934,2025-12-21,6.32,37.36,14.53,27934,0.53,0.97,45.23
55544a75-0142-46af-b9a5-9ebfea26a2ae,2026-04-30,9.46,25.67,16.54,6323,0.73,0.73,36.77
1995c732-f0cc-40ee-a7ac-9e25d21d50b5,2025-08-20,2.12,45.78,5.75,1370,0.96,0.98,25.7
8239731b-27bf-46c6-b2c9-5534cc62dc6f,2026-05-16,3.09,49.43,41.22,1120,0.82,0.88,29.01
9cd7c797-4b89-44dc-a55c-f9c00a32e098,2026-07-18,4.18,26.61,33.61,23394,0.71,0.94,55.36
1fd8ce25-c383-431c-9f85-95ea56aee45f,2026-04-28,8.79,12.95,19.59,8665,0.92,0.78,27.49
50a86c09-3011-4863-aa15-8db80425df8c,2026-06-08,8,11.27,33.21,21240,0.56,0.99,38.74
6d3b0f20-ba6e-4169-958f-ec99e374adaa,2025-09-19,1.9,38.2,39.89,13933,0.75,0.95,41.65
49bcf413-0b16-4f40-b06e-1c2c06f80aef,2026-03-29,3.32,20.46,5.1,10229,0.54,0.95,70.99
dd5be75d-8818-49a2-b006-a4f4e3a684ad,2025-08-09,3.62,49.6,29.07,33519,0.67,0.91,61.27
ad748896-82f7-422d-b5ed-7498b4468580,2026-03-31,6.72,24.62,24.37,26129,0.5,0.97,75.47
bdd7a243-ca37-4ddb-b672-13e06fa51620,2025-11-04,8.26,31.82,32.74,5179,0.87,0.91,49.11
20b4fbdb-28fa-4176-ae41-20f6c6a49161,2026-06-07,9.88,34.08,35.79,25817,0.56,0.86,36.98
8eb2761d-0727-4043-ad48-a9de91b905f4,2025-12-13,3.36,31.04,5.92,19794,0.65,0.91,34.73
b17b55be-2730-4c21-87de-bbc80efadd94,2026-04-11,7.81,18,40.34,12559,0.78,0.94,35.38
b2a352eb-58c2-46d9-8d4a-35f6329bca7d,2025-09-26,1.72,34.19,39.73,47510,0.7,0.92,70.1
d15bf2d0-9ef9-4f2d-ba40-298693637bbb,2026-03-21,6.23,29.84,49.8,34339,0.73,0.88,52.43
ac56410d-a4f2-4b50-98b4-affacaa87144,2026-05-08,4.69,43.97,28.17,33389,0.68,0.98,47.34
97fb7ed8-5d85-498f-b2d5-4c6a542c0d7a,2026-07-18,3.08,23.67,14.32,20929,0.53,0.75,55.32
9afafda0-8a26-44a4-9142-5b05959ec2d0,2026-02-10,1.58,27.11,36.21,16465,0.52,0.96,27.09
66eab236-ac70-400e-b575-b01d1550de7d,2026-04-05,4.97,38.68,31.24,17059,1,0.73,44.11
baed60d1-2e6e-479f-a22d-5383cef38b44,2025-08-15,4.76,23.59,26.24,4995,0.63,0.81,37.57
425e2755-df46-4890-a3a2-2508913cd8fc,2025-09-02,8.4,37.07,13.02,46403,0.83,0.8,25.02
a9f87708-6a42-40b8-bdcb-b03ff47560e2,2025-11-01,4.89,12.04,27.49,25070,0.97,0.82,37.74
32bb760e-398a-41f2-9f25-ff7a5a5494b4,2026-02-17,6.77,33.19,35.32,16755,0.7,0.88,39.99
d0857cc7-4027-4d77-a4e4-36d92971a49c,2026-03-10,1.7,38.03,25.29,8502,0.7,0.74,35.12
8f7092f6-aa1a-436e-88e1-517e768ab539,2026-05-28,1.66,14.26,10.56,31579,0.55,0.95,65.77
dea145a1-fa58-4005-a96c-afd2433df4bf,2026-07-08,9.47,27.85,14.5,46591,0.88,0.86,43.72
6fe354ba-a584-487e-8871-18132202615d,2025-08-26,4.46,18.63,21.72,8956,0.94,0.95,31.05
c68bcc72-0251-4e7a-8531-2c0941911a1e,2026-02-06,4.68,32.71,30.55,48031,0.67,1,27.3
2e69a5d5-af70-472f-9c7c-495dffa69df6,2026-06-05,3.56,48.76,35.53,49471,0.63,0.93,26.44
53264ed0-c06b-4538-8744-014345ec79a7,2026-07-06,2.42,16.47,10.38,30355,0.57,0.79,33.72
342d68c8-6d26-4958-806a-8477089615d8,2025-08-28,8.69,14.1,43.5,6111,0.96,0.89,49.56
84624410-dd2f-4fb3-b84b-51f0e0536cfd,2025-11-20,3.51,35.65,28.51,37219,0.85,0.81,76.25
c76861c1-7e14-49b1-8710-91864c287e31,2026-06-11,5.19,23.41,38.17,37326,0.63,0.78,52.47
d333fc32-7210-42bf-8087-7dd9780efecd,2025-12-20,4.82,16.4,16.96,40204,0.61,0.85,75.77
dca1a594-9580-4a62-8051-cd8932200832,2026-06-08,2.7,42.39,15.12,45673,0.9,0.89,67.58
4c8c1182-3bef-49c1-b6f9-735b55e68a7b,2025-09-30,7.8,25.13,29.46,18092,0.94,0.92,27.93
d636d1fe-e6bf-43c0-bc0f-97636b3a2e2e,2025-09-12,5.74,45.18,10.08,48831,0.8,0.95,64.74
1ff051ef-4370-4232-b1b1-be5769d71bde,2025-10-16,3.05,35.23,19.08,44796,0.54,0.72,40.23
4fbe5a0d-d4f4-4539-81b5-21eea6d0e837,2025-09-19,8,25.43,15.35,27298,0.79,0.95,74.57
4a1afbb0-d467-4391-bf50-35d9359b8313,2026-04-26,5.49,49.28,43.62,41959,0.58,0.71,77.28
f18c1f11-0857-43ae-9dc4-8b8c0296842f,2026-01-30,9.23,33.9,27.26,46465,0.66,0.87,62.84
f4af99e9-fda0-4e25-9e14-e68f3b77fdd0,2026-05-06,5.06,49.66,5.53,36300,0.71,0.99,20.36
fd0d44b1-b1ea-45cc-9fe7-f9780026ad0a,2026-01-22,3.54,26.98,11.65,11864,0.94,0.93,79.16
9312dae5-4f88-4323-8142-8f976781d5d7,2026-01-04,6.61,41.34,37.41,9997,0.9,0.87,68.58
eef8a1a2-c083-4dab-bec6-74cb2d82dca2,2026-06-14,7.51,40.33,49.76,36005,0.62,0.81,46.11
bdc84cb2-ecfa-4edf-a94a-4d0e59b02774,2026-06-30,5.96,45.79,17.49,17027,0.5,0.78,77.06
ea96ada3-593a-4511-8c63-81f46af241f6,2025-07-26,9.09,49.41,11.87,45835,0.89,0.83,49.28
c322fa26-07e7-438f-a5bf-97d95dee1111,2026-03-24,6.4,42.45,30.93,21447,0.74,0.74,39.76
bcfc7fd0-4c03-458a-bd31-f8dc55770a17,2025-10-31,8.5,36.07,30.37,46660,0.71,0.92,31.15
d43e5ee5-06ca-40b2-bf1f-8de8858a5848,2026-01-05,1.02,36.38,15.9,20778,0.75,1,79.04
2c5026a0-6f32-4724-97b8-dc6422caa0c3,2026-02-10,4.34,14.28,26.23,30321,0.7,0.95,52.3
8aa3ea14-f1ed-449c-a7ac-9d82224ac65c,2026-07-23,5.08,41.05,22.44,29734,0.7,0.97,44.29
f7d80e98-2c9f-4ca4-a75a-3a2304d4cd2d,2026-04-28,1.85,47.43,36.35,14030,0.97,0.89,77.39
537b1015-56ed-4de8-9944-94eca9bc8a72,2026-07-15,5.68,11.25,20.79,29541,0.82,0.79,58.06
08fe8841-8f29-473c-be31-c11fea6c1c56,2025-09-12,7.12,21.28,48.94,39557,0.89,0.96,62.18
445fb55c-086c-4173-8f3a-a3dc6c808f73,2026-07-06,2.04,46.74,18.45,38411,0.61,0.86,25.41
08ed3e5a-1dba-4029-b915-dbe0017a92ea,2026-04-07,3.6,46.1,13.42,4357,0.68,0.8,34.27
9ca3fbab-00df-442e-a811-471d4a1bf06d,2026-06-19,3.83,25.08,10.04,47261,0.71,0.83,60.69
d41ec599-63dc-4cce-aceb-fb326924b201,2026-02-05,1.56,15.32,42.78,14771,0.8,0.87,51.29
d8bad0f8-8e25-4f61-922e-f39798a4d467,2026-05-25,8.3,45.37,35.1,16649,0.54,0.88,68.4
d849370d-317b-482a-ac85-a365e7d46b52,2026-05-26,5.92,29.99,39.28,4778,0.73,0.93,41.84
622a6dac-56d2-44e1-b03a-f2a4d39d01d6,2025-10-04,3.05,47.34,24.45,39222,0.53,0.87,64.34
d7db209f-0036-4cf0-97a3-8df010783dd8,2026-02-02,3.76,41.17,42.62,37042,0.64,0.89,58.15
341fdb20-3d9c-49d5-ba05-f984787cc00e,2026-04-25,9.31,34.27,23.27,49398,0.97,0.95,54.52
156eea50-0270-4e52-880b-0a979fe55fcd,2025-08-27,2.11,49.47,30.99,11646,0.63,0.81,38.52
786dda59-1da6-42bd-a5c3-e9f7d9d0c504,2025-08-27,8.72,11.17,34.84,17014,0.8,0.7,35.32
022e3978-37ce-4aa8-af90-079944b4f2fa,2026-02-03,10,47.64,44.5,10555,0.59,0.7,79.9
b4ba3b4f-6ecc-4f35-b50c-555cb7be8b60,2025-11-06,6.33,21.84,6.3,5470,0.51,0.94,52.41
ab131b4c-fe81-4dee-8afd-0beed91caa85,2026-04-29,5.05,19.61,13.27,25534,0.7,0.84,73.13
b2700938-30cf-4d86-9a31-e6ce343f2cf8,2025-10-26,8.3,11.8,33.4,25042,0.53,0.85,74.53
2edd5936-7fc5-4774-8011-9b83afed4e8f,2025-07-31,2.41,48.65,19.79,30477,0.52,0.79,79.5
ee6731f0-15cb-4c7b-8d78-e5949e26c66c,2026-04-19,5.97,23.07,21.51,41407,0.66,0.74,24.66
873e7f32-2854-4a9f-9920-309b38ccca9c,2026-06-14,9.39,39.86,6.01,38618,0.73,0.97,43.22
187127e9-0d51-4fac-b1fe-3914ced7a1b4,2026-03-16,4.02,29.36,5.15,37783,0.87,0.77,55.38
5f08b6ef-c801-474f-a35d-2725cbec7f5f,2025-08-08,4.31,16.86,26.35,18129,0.66,0.98,76.78
9a3d4ca3-1a92-4854-a053-d21a580d140a,2025-09-01,2.97,23.58,47.23,44089,0.94,0.82,40.67
c8b8442c-811f-4c65-bb20-ab5a4d696878,2026-04-21,7.43,15.95,7.18,6934,0.78,0.78,39.28
7d353eea-7e82-4dfc-9a92-5a1d5fc74e3c,2026-06-13,3.15,13.94,14.54,33737,0.87,0.75,51.83
857fbece-ad9f-4cd1-8aa2-edb9edb35e55,2026-04-19,3.67,37.79,32,34634,0.7,0.71,21.01
bb0250ae-baca-4743-9523-0b4bac895bd5,2025-07-31,5.47,47.35,8.97,18901,0.6,0.92,41.52
131ed257-85fc-4ccc-971c-b79873f59dd6,2026-04-28,5.99,35.41,33.58,35520,0.52,0.98,67.43
e9d7a5a5-02e0-4cd5-856b-c3e9b0fb7679,2025-12-09,1.65,15.03,30.51,40761,0.86,0.78,62.86
79d5d52a-7172-4484-bf0a-b9f73b04b56a,2025-08-18,9.94,41.76,8.08,38488,0.6,0.78,47.85
2e7e0964-ff01-4d4e-90d3-e095ae2875c6,2026-01-05,8.84,17.51,11.8,3577,0.63,0.73,65.47
e2a750f7-95c7-4e39-a315-72a8fa22b42b,2026-02-14,8.71,38.99,16.83,18055,0.66,0.79,34.84
8e6249d5-eef5-48a5-a835-12fd9f7a22a5,2026-04-17,3.05,28.28,49.25,5552,0.97,0.96,58.45
81da806b-6be6-4538-83f1-02de6ed875a2,2026-03-20,3.27,46.74,36.61,32788,0.86,0.72,66.83
12808d7d-719a-4b9e-aa5b-f7242cfb4995,2025-08-11,1.07,33.14,38.66,34683,0.61,0.84,34.37
99bcff09-2644-48f5-ac5f-420d78d5b5c1,2026-04-17,8.68,14.19,11.07,9289,0.76,0.7,58.8
e01c5383-d95b-4560-8411-fbd2cd2b3400,2026-04-24,2.81,22.09,33.11,1494,0.98,0.87,43.54
610c3695-63b3-47b3-83cb-5bc1c8e7d666,2025-09-16,7.78,49.65,27.76,43054,0.6,0.86,78.12
efbc8edc-0480-476f-b472-d4dd3224c0b7,2026-03-28,9.45,13.01,27.55,16599,0.98,0.98,40.56
bc0c7f6a-76f9-4c32-a612-a6138bd87127,2026-06-04,6.81,35.79,37.15,22621,0.72,0.87,57.92
ec2382a1-4009-4ee0-a7a9-f8a04c65436f,2026-02-08,9.84,42.78,27.78,38351,0.66,0.79,45.07
ca4dbf1a-5bfc-4fdc-9571-6902ea640c5b,2025-10-30,5.27,49.37,30.1,37368,0.75,0.77,46.66
2484c6dd-dd98-4e49-a9a4-3b6b56019037,2026-05-13,2.2,40.37,8.99,47467,0.53,0.84,20.29
6627bc1e-b505-4b13-9881-f02a65fdd793,2025-12-01,8.22,33.98,37.88,8862,0.63,0.86,24.5
686890f5-c6da-4088-be28-fff4046e7914,2026-03-06,7.07,11.03,34.29,41731,0.66,0.99,78.96
30e603de-cbaa-487a-bab5-600a7bd6cef7,2025-10-29,2.88,32.81,9.59,39560,0.85,0.75,21.8
7da7e28b-ec70-4273-aa77-7188d6bce247,2025-10-04,5.61,31.95,6.4,35998,0.9,0.77,33.93
54793bd4-91b7-4ef6-8117-775ff40a2654,2025-11-19,3.32,15.25,47.59,6848,0.56,0.87,22.19
23194b97-e15f-4a0f-8d2e-c40296e12f71,2025-08-25,3.24,43.47,18.27,27185,0.83,0.96,38.85
741cc1e4-432b-4ed3-9326-5411cee994eb,2026-02-12,4.11,18.94,47.39,17129,0.96,0.72,44.36
c21e82d0-5c91-4d7b-886b-f6e25e556301,2026-01-12,7.63,21.55,24.28,6212,0.66,0.98,75.17
c3b132b8-739f-45e3-992e-a1e140b76286,2026-06-22,9.49,35.84,48.49,33027,0.83,0.77,62.96
3093d704-304c-40d0-8c04-acb65b7c358a,2025-09-22,3.92,32.78,40.14,10581,0.58,0.99,50.47
7f3b2aa3-0e73-454b-b74f-484dd9f162d9,2026-03-28,5.59,37.89,10.37,13339,0.68,0.9,70.18
55ef4aa8-aa86-412d-b6cd-820d29b771c5,2025-09-22,6.93,24.55,9.69,20668,0.79,0.89,57.45
f1719a03-1afd-40b0-b3b8-7c0984b63e6b,2026-06-29,2.86,47.21,44.54,9819,0.8,0.86,55.29
cf9f6cb1-e801-478a-a868-923f735540fb,2025-11-04,2.77,41.31,6.26,38870,0.82,0.95,24.17
8fbf123e-3279-4f29-9f1e-2af815a4edce,2026-01-11,9.45,43.72,31.29,8155,0.57,0.94,29.31
110474b6-957e-4286-972e-1f7d60df734d,2026-06-18,3.81,30.05,14.59,34868,0.75,0.95,64.73
3aee2ab5-dfa4-4a07-bc59-10664b7b5f89,2026-04-15,9.6,23.52,43.7,37050,0.68,0.75,62.23
665c4a08-0f61-4217-9da1-948b3162d2b9,2025-11-25,7.23,30.04,38.38,36708,1,0.8,67.93
3e43d8b8-3879-42a5-bea3-33fa140d5dcf,2025-11-17,5.89,31.8,40.31,15914,0.97,0.82,29.95
ce717230-335d-41c3-9b40-fe6f13deeb2e,2026-03-13,2,13.05,28.7,4017,0.61,0.73,60.95
f7a1e59f-02f8-48d2-a6da-174b23e26804,2026-05-15,3.4,43,48.8,6422,0.58,0.86,72.01
2677d615-85f4-4910-aa8f-d1ff0b42c23c,2026-04-22,6.98,26.76,9.39,16387,0.53,0.93,66.44
6d9cec93-8f15-453d-b802-fd16afe525c0,2026-01-02,5.27,21.85,21.33,36014,0.75,0.73,27.3
e6013697-5a73-4a7d-ae73-d2dde78c877a,2025-12-01,1.87,43.68,17.09,20776,0.91,0.94,64.36
5e07ea85-7465-4dbe-bfd3-cbf5f0cf1e02,2026-02-11,4.45,12.62,41.75,39117,0.97,0.99,35.78
0eb2cd86-ca19-4a4e-9007-b91d6715e22d,2025-12-31,4.55,38.59,11.64,40614,0.58,0.99,52.47
2ef001a3-cb47-460c-bdae-a50ec4c2162b,2025-07-28,1.92,24.06,12.35,19672,1,0.88,69.53
e51a5012-b16e-449e-bd57-325ef3781da0,2025-07-28,8.5,36.54,38.34,16666,0.71,0.97,67.48
e69c2a95-e31e-4cb9-8cae-9c742dfec2a9,2025-10-06,7.99,45.99,34.24,9533,0.78,0.84,24.8
05f0b99f-2970-44a5-beba-9a3daa446c44,2025-08-20,2.59,44.7,10.41,39486,0.77,0.98,56.15
4f8ca6e3-b461-4cb7-89e7-d59eda59f2ee,2025-08-27,7.8,30.98,11.42,29842,0.91,0.73,52.47
f974b965-0ff6-4d25-8f56-415f924e088e,2025-10-11,7.6,23.49,19.43,12211,0.89,0.81,47.62
b2b8dd32-c293-4a5a-a2d5-0899aa7fa622,2025-12-31,4.67,44.35,13.27,4247,0.56,0.84,69.11
998d6aa4-9d26-4332-9da6-ecf1d4a7cd66,2025-08-25,3.34,31.27,43.97,28660,0.59,0.97,38.6
ab5afa8d-9055-4bab-b565-1c879e1603d5,2025-09-25,4.2,39.07,16.14,17701,0.86,0.92,31.15
77e1b302-898e-4ca1-bfa1-cd85a6b3ec3e,2026-06-01,6.31,47.29,28.53,14679,0.64,0.73,34.76
39f21a81-bc06-4934-8194-efd8696f3f1f,2026-02-24,8.96,46.23,48.96,13118,0.53,0.84,76.54
e1a736b9-b75a-4840-a46e-3997a9df17cd,2025-11-23,7.84,40.54,25.41,24358,0.96,0.86,43.84
af109661-2364-4ac2-a6aa-77d25ca852ac,2025-10-22,1.14,34.32,19.52,17110,0.86,0.95,37.55
9fc67b03-87e4-4f2b-b129-d926cd4d686c,2026-02-13,7.6,25.8,12.41,33166,0.78,0.89,28.47
2e115b24-2069-437c-a5c9-99eaf7436d78,2026-05-03,9.95,10.64,30.55,41120,0.57,0.97,34.82
e4553feb-6d12-4101-971f-5115e3714b26,2026-02-28,5.95,24.01,26.98,8549,0.93,0.75,50.65
13db0bd7-9941-4c84-a6ca-996634be4785,2026-03-03,6.11,49.04,6.72,3094,0.81,0.84,33.44
fba2ee4f-c860-407f-b1a9-c13f97603dcf,2025-11-28,8.12,24.84,26.12,39243,0.88,0.82,50.03
e4022486-5c0d-4bd0-a08e-681146812834,2026-05-23,2.57,13.42,11.39,4262,0.89,0.96,72.66
34904ea5-117f-4d0d-9631-aa5602f373b8,2026-07-04,2.83,42.67,30.07,18664,0.91,0.91,59.98
edac6d8b-e616-41fe-9fdf-ffe2f91f2f10,2026-03-23,9.87,23.23,36.87,15146,0.7,0.72,72.25
c9c58f00-c030-4d27-a848-25ce5338f7fc,2025-12-14,3.73,26.05,46.48,45098,0.58,0.95,32.91
9d9b1355-c67c-409e-bbac-392af8dc0d08,2025-10-06,1.43,16.36,23.97,12573,0.83,1,25.21
3cd4692e-eddf-4888-9903-362bb5fce360,2025-10-30,7.41,49.56,31.99,26419,0.54,0.77,29.28
1962e68c-b3a8-4965-ba8e-af9aa2e3a0bb,2026-06-12,5.67,33.04,44.77,37759,0.77,0.81,29.55
3e9a5ddf-f18b-4a26-8a8a-d65b45642d62,2025-08-29,9.54,21.99,49.15,11429,0.77,0.88,26.4
aa5fa33d-ce81-4618-9b77-6e00b38b4f8f,2026-04-15,6.7,28.33,14.42,31649,0.57,0.88,26.63
f84f15b4-f5a5-47be-bccf-7854c3eb354d,2026-01-01,3.74,36.09,11.2,23854,0.67,0.92,74.81
61361641-8005-4cc9-a1fe-3f52580c5db3,2026-06-27,9.35,40.76,48.62,20115,0.93,0.99,65.76
398570d7-f28c-47ba-a4ad-3f41e5e3d99d,2026-02-24,3.69,41.29,20.64,11113,0.91,0.92,40.62
864c01b4-c7d1-4f5b-9880-38d11f6f7011,2025-09-29,6.88,27.73,45.92,27408,0.98,0.92,75.33
be79ff8e-2093-457b-8d5e-4df99bf76d23,2025-08-04,5.77,19.8,5.7,26917,0.75,0.89,59.29
70844c65-ceba-4bd7-84a0-eae6f5b86cb3,2025-12-21,9.29,44.19,5.68,42061,0.96,0.78,66.8
c3a503a7-1112-4641-83d0-e68ec12b2240,2026-05-18,2.67,38.83,12.85,26713,0.74,0.75,21.66
97a3d290-11ce-47b7-a789-7ce94844613d,2026-06-08,5.93,32.83,21.41,3144,0.56,0.98,70.77
0709c32e-36cd-4af4-854d-96aa7fbdddf2,2025-09-19,7.11,33.79,36.36,5067,1,1,71.57
5fef08c0-eeec-4713-bf62-93510844eb77,2026-01-06,3.27,46.42,6.68,10062,0.55,0.96,69.4
2c37746e-6ccb-4c3f-af38-c1a626a5c33a,2026-03-20,1.05,20.91,26.46,31670,0.96,0.8,68.48
53ef9c88-b842-4185-a1ed-4b08f3fae4ff,2026-02-06,7.84,30.43,44.5,30086,0.67,0.93,32.46
e7c74554-a97d-48d3-ad36-ed6fa16100d3,2026-06-12,3.66,42.05,25.88,17245,0.9,0.74,39.71
e52fb3e5-744b-4c4e-b5e0-1fd824474739,2026-01-21,8.74,39.27,12.04,21258,0.7,0.7,71.8
64e4e618-7bd9-49b1-82bb-53cc5fb04d0d,2025-09-10,8.39,22.5,38.86,22292,0.98,0.76,33.91
74af06c2-ada5-4364-b10c-93d8bdb455bc,2026-04-25,6.16,40.69,44.65,21709,0.84,0.94,43.27
d1f21cca-95bf-44c2-9a78-c5da88034808,2026-04-30,9.88,12.34,15.37,21178,0.68,0.85,57.98
ab511ed6-fbff-431e-98aa-37e2cae5c6ee,2026-07-09,3.75,27.45,31.46,34858,0.72,0.82,45.39
cf939aed-3df0-4c4c-8670-2c44cdbbbb34,2026-01-08,6.89,44.79,33.18,3368,0.86,0.88,56.94
ea0e5e00-3201-4f61-9d8d-224d25b6d159,2026-01-10,4.01,25.65,44.38,25493,0.9,0.86,75.82
4945cbc8-4dae-45d3-baca-08db45532375,2026-01-27,1.05,25.54,6.2,24121,0.92,0.71,21.77
dbcfc688-2391-4b87-83df-24dc7b7bcff0,2026-02-21,7.89,40.63,47.66,25310,0.72,0.99,23.57
238b2d6d-1ccf-42bf-921f-88f4871ec725,2025-11-19,5.03,25.47,37.17,31534,0.75,0.78,48.74
8661cae9-ae7a-4ae8-801c-0ffa4986b20d,2026-05-17,4.79,31.06,42.32,7285,0.68,0.94,20.8
073a9067-c0b1-4b9f-8b4f-beb50a0375d1,2026-04-09,3.18,25.19,12.89,2714,0.64,0.86,68.7
3a98f116-55dd-40ee-a523-2a74a4f09691,2025-11-01,7.11,13.79,13.89,35661,0.86,0.8,37.39
2d413526-48c0-4ee8-9a81-aaedc7b024a2,2026-06-29,5.29,33.09,10.65,34596,0.92,0.93,68.24
cd89cdb3-925e-480f-8d11-7e44321f62a3,2026-07-17,1.1,19.12,47.69,9377,0.84,0.87,76.26
5a5e9a18-23be-4331-87ae-2bc0606e4ec5,2025-12-28,7.22,11.57,24.3,24535,0.73,0.76,31.1
b6048ae8-0470-4b11-bd43-843ff8f4a809,2026-02-15,9.47,22.09,13.97,46815,0.67,0.77,66.4
0798ffe1-1ee4-4bca-92d6-b9bd016850a5,2025-11-08,3.82,15.38,37.77,20060,0.81,0.82,76.31
e49704cd-4749-4b8d-bba0-492584a4f7d6,2026-05-20,4.29,13.9,22.59,21797,0.54,0.79,40.71
e3efa230-ca91-4e21-aa48-440f84bef0d4,2025-08-09,4.94,23.76,26.68,14526,0.6,0.94,61.66
6ccf578b-0c5e-469b-9b14-fb7a15af4ae7,2026-05-12,8.3,33.68,39.61,9734,0.54,0.73,54.29
7cae922e-560e-4285-9bf7-9638fd6f6fad,2026-03-14,3.87,47.23,45.75,12026,0.69,0.81,36.09
05c9fb4a-9b4e-4178-9ffd-a0839ec6ddb9,2026-05-28,1.69,45.54,39.18,48251,0.63,0.96,49.89
5705a41e-5183-4330-ae2a-ac90c2c90f5a,2025-08-11,3.71,28.33,7.49,18956,0.88,0.83,56.7
9780eaa1-30cc-4738-a869-4429a9fa96ad,2026-05-23,5.52,36.76,14.98,5029,0.7,0.71,43.87
69758b8a-5b6e-4786-9b6f-25c3dce0b8f0,2025-09-15,7.33,45.06,6.48,8631,0.69,0.89,53.58
787e92de-8687-42cb-bd84-3738bc21f410,2026-03-29,2.86,13.48,15.96,40150,0.77,0.84,32.07
179632cb-dd61-48e3-b5ae-d03895463f44,2025-12-26,6.38,38.38,5.96,47197,0.81,0.82,48.33
51f691c0-5a7a-4753-8518-d323cd6fbe4e,2026-03-28,3.02,26.68,31.35,17723,0.9,0.75,24.47
7a6d1198-a336-4821-8c6b-bd81229de402,2025-09-21,8.21,17.28,8.74,21852,0.98,1,52.62
5c7b5e7f-be73-479b-89de-edcb8e192dcc,2026-02-21,3.27,25.03,38.95,8010,0.86,0.9,45.97
b8c0275a-3e3b-4f4d-bc8c-2f6a7002e703,2026-01-13,2.74,28.49,22.99,14336,0.99,0.95,24.33
9158e8df-2510-4803-a4fc-4cde813c913a,2026-01-23,7.54,13.5,28.32,44880,0.98,0.98,38.88
0de8d9b4-690c-4fb7-b55d-cf9b75419809,2026-05-14,8.97,28.14,43,40078,0.64,0.86,48.46
f9275bc5-f362-46c5-b76b-34570492444e,2026-01-27,3.31,24.35,25.33,28440,0.76,0.97,57.04
f9927517-398e-460e-bdc4-b6bb29852858,2026-02-09,4.23,45.32,26.97,3947,0.54,0.8,69.34
21dbbc3a-e5a5-447d-8668-a30b16715020,2026-01-01,7.28,10.56,32.15,40173,0.61,0.72,39.32
6f02dcbc-4678-45fd-a1e8-1c71975fdfff,2026-02-26,1.77,28.94,25.11,11590,0.56,0.75,20.94
b611ce7f-92c8-499d-a54f-5384335d7389,2025-09-20,9.09,25.96,9.14,9696,0.57,0.8,65.75
d6e03d0a-ce05-485e-ad35-bfaa489009d4,2026-03-20,7.37,13.89,38.35,45832,0.81,0.88,25.23
0dfb8b27-baa4-4fc0-b0ad-702ec6111299,2025-11-12,6.68,45.13,27.54,3074,0.7,0.88,72.24
29189605-f353-48c4-8515-0dffab2d48ef,2026-05-30,4.4,11.52,41.79,45875,0.87,0.95,27.39
508612d1-c3c5-4572-a094-faa6b58a610a,2025-11-18,8.06,49.97,13.14,29788,0.66,0.95,33.59
49d13633-f62b-4fa0-9531-e51a3631a852,2025-07-25,1.04,43.1,12.44,3811,0.73,0.83,49.99
4d7e2d68-e01b-4273-a587-d3b673d546ff,2025-08-02,1.83,27.67,15.93,28533,0.83,0.96,50.18
1fa2c045-9771-4637-9784-9873600ac419,2025-10-02,2.31,23.76,24.59,48303,0.57,0.87,43.65
1fde48ec-7581-4068-b923-2feed83da9c6,2025-12-08,3,11.01,7.63,27535,0.56,0.92,57.93
5be60735-d34e-4e17-8a35-d2171d2763f1,2026-07-04,2.63,44.36,21.29,33283,0.56,0.93,75.78
c8d263b4-596f-4042-bdcb-2348445210a1,2026-05-02,4.64,32.27,6.02,47694,0.75,0.9,30.64
6a692a2a-5446-4e31-8cd7-aa40e9d42d9b,2026-03-13,6.91,31.48,39.73,6471,0.51,0.83,45.91
0cc3dca7-b393-4c24-bc58-3497174a98a2,2026-05-31,2.74,18.12,24.55,28273,0.98,0.8,43.32
b084e404-a0a7-453f-9b46-8b2f1526fe29,2025-08-12,1.82,43.9,27.58,47550,0.71,0.78,35.78
264988d2-98d0-4558-a36f-ace6425d3204,2026-01-05,6.99,23.91,19.9,11120,0.72,0.78,57.88
6f96170a-20bc-4150-80da-00b41a1af1dd,2025-09-27,5.34,41.02,22.33,5199,0.74,0.84,56.91
f2ae10cd-c53f-40cb-9943-ee8d09d72b61,2025-08-06,3.36,36.65,24.28,18693,0.68,0.76,41.41
15ac0850-9cc7-45de-b19e-eb9537bc17ab,2025-12-31,5.07,38.71,10.86,39181,0.62,0.85,63.93
3dd303ed-0cc4-49c1-bf3c-fa459901cb23,2026-01-07,6.99,41.41,33.77,28539,0.51,0.89,25.38
b936e699-d3ec-401a-8cc4-7f6790c91479,2026-01-31,7.42,19.76,13.46,12792,0.72,0.73,79.04
6d9c7c00-597f-4f65-8081-40f681635ffe,2026-01-27,6.01,20.89,38.28,7950,0.68,0.89,62.38
e2d78f43-9bc5-46a4-a245-c30cbe3eb1a1,2025-08-18,4.16,29.84,30.1,13436,0.8,0.87,28.93
93049a64-5aef-4c50-958f-0093d68b6eb1,2025-09-24,1.7,39.4,36.57,31799,0.97,0.83,41.52
87e515f0-bc9f-498f-ac10-8b3378c4035d,2026-06-05,5.26,29.66,30.73,49587,0.92,0.9,21.46
73b2f5e1-c701-4e7b-87a0-16e24993adfc,2026-03-09,8.54,18.1,9.34,11882,0.73,0.75,24.34
0ec9b238-22da-4827-9e1a-1954fd05ebc8,2026-05-07,2.64,21.07,46.52,37605,0.73,0.83,59.7
11cd9088-d5e5-4932-821e-04be3bbb0f21,2025-07-27,4.92,23.74,48.5,13801,0.82,0.81,37.39
caf284a6-ba76-4ae2-b262-647de6554d05,2026-01-07,5.35,33.03,41.46,16705,0.82,0.98,68.03
c2939dcc-e876-4f9c-9262-5e89dc9bbe3f,2026-07-10,4.95,44.52,32.33,32363,0.73,0.72,22.96
83e81d2d-e514-4054-a06b-876a0c869bda,2026-07-19,2.17,23.36,16.84,29082,0.84,0.8,35.23
a7a744cb-f4e5-4e2b-b714-79c6e464e8a2,2026-03-21,2.26,24.49,8.95,48881,0.57,1,67.05
3b090db8-6a75-4910-8747-838b6cf5046f,2026-03-09,9.97,37.21,31.42,42286,0.58,0.94,76.72
d5b4466a-d3f6-449d-9679-5c667862e908,2026-03-31,6.04,41.04,7.68,13401,0.93,0.97,57.38
15ce4309-aa82-496d-9037-92842e58000d,2026-01-27,7.15,19.69,40.52,45967,0.66,0.85,50.53
43abe45e-2920-4124-af3b-cc227efb637e,2026-04-30,3.69,25.56,28.48,16618,0.55,0.86,63.82
3f870a96-3715-4497-8a9f-f75bafb8df5b,2026-02-06,4.04,46.2,28.36,6195,0.92,0.94,77.18
7d572042-6daf-4e78-9d7e-90d75c081eb9,2025-12-03,6.5,30.32,24.02,36861,0.63,0.85,66.27
8379b6fe-6f92-4709-92f1-96caf668c520,2025-10-25,7.94,41.59,48.08,42130,0.97,0.79,44.58
84d99ea7-8313-4757-af58-236b6058fa89,2026-02-02,1.46,18.11,15.84,10139,0.59,0.83,69
152ecd10-0bd4-4b96-8c20-baa941a40f0d,2025-08-29,2.95,29.54,20.93,33324,0.56,0.95,31.58
262e4640-d540-44cc-99a9-07aa97da6a8b,2026-03-12,2.46,48.39,40.47,26063,0.56,0.87,76.7
f0dcb1e8-6a37-4e09-9f81-0560175119d3,2025-08-14,3.99,48.42,48.78,48662,0.88,0.76,51.58
d3895ab1-99cc-4290-b015-00af58171c35,2025-11-12,7.6,35.86,43.65,41344,0.82,0.74,63.5
471713a2-a712-424b-9d20-46340db9c3d2,2026-05-31,9.04,29.89,37.33,1162,0.88,0.8,69.97
81f8958d-5386-49e6-a707-d723e264a9e4,2025-09-19,1.42,41.52,25.62,28517,0.61,0.79,67.27
be37705d-97fa-44e4-8cf5-a02babbf299e,2025-12-09,6.72,29.95,27.78,26320,0.93,0.9,42.06
6230073b-ab97-4951-aaea-4eec6408ed66,2026-02-19,9.8,23.3,44.14,44072,0.68,0.7,22.23
4ab60cb2-4fef-4268-9cac-7832fb369a22,2025-10-02,5.03,40.06,32.65,26038,0.69,0.82,49.11
e519606f-229b-4b05-8904-7d1519c6b1f6,2025-12-05,2.08,36.63,9.09,47701,0.66,0.93,60.44
e5bffc72-f2a2-4803-814c-2541e4a64f05,2026-06-23,9.11,32.5,20.04,21765,0.92,0.83,68.78
b237f198-d12f-426c-af40-81f9651a792c,2026-04-21,6.16,42.7,23.18,21809,0.61,0.92,21.09
d0d186cc-9dbf-405f-a48b-8c9f6e2d749f,2025-10-11,4.29,28.6,34.2,36339,0.93,0.76,40.82
2152b99b-dbd7-4513-9340-eaa47f45761c,2026-06-18,4.9,31.41,10.98,47934,0.6,0.98,37.88
ba848e24-d969-4457-b252-f7c31fa5876b,2026-04-20,4.51,34.42,28.88,29090,0.84,0.88,77.71
dc08d059-39c7-4eb5-9b3c-36c029f45ac6,2026-02-13,4.5,25.45,12.24,22739,0.62,0.9,25.28
4903d468-b017-49f3-a83a-1b9baf02c09c,2025-08-08,3.17,42.99,9.32,49270,0.94,0.77,50.33
bfa71793-39ee-4841-b85d-335d8303c9ac,2025-09-08,2.03,39.24,21.54,40244,0.65,0.83,29.33
217a6ba2-8ca4-4205-a1cf-d8c1bf71f46c,2025-12-14,3.91,30.42,38.64,6158,0.61,0.87,72.58
1d34e6ef-0daf-4b25-ae4b-753a0b62ddeb,2025-12-13,6.13,37.05,43.46,9269,0.83,0.94,67.91
a86b713e-f34f-4457-88d5-3a8b96ad160d,2025-12-23,2.57,10.29,27.26,11977,0.95,0.94,36.43
e8cc448c-2996-40c0-846e-7c28eb8e3218,2026-07-24,3.35,28.45,44.18,16571,0.92,0.81,25.26
2ea8a1af-8e4f-4f19-8a08-48dd934a106e,2026-07-22,5.46,38.73,12.94,19002,0.86,0.76,20.81
5d300d6d-3a28-4314-924c-7da7207622cf,2025-12-28,5.54,10.1,17,29449,0.51,0.79,73.79
7333a266-6643-40e4-a6db-ee54227ae947,2026-04-26,7.34,41.66,38.82,35945,0.96,0.87,64.36
760490ad-80bb-4328-a543-3f8dfcf6479d,2025-11-23,5.57,30.07,34.52,29325,0.68,1,42.11
6112bcdb-d454-49e4-8b8b-f7c81221f69a,2025-08-01,4.26,48.99,31.88,4439,0.81,0.73,43.64
c2e86d47-9269-4eb7-80cd-c633d4441d7f,2026-04-02,9.32,29.48,39.93,49211,0.87,0.96,62.57
080aa808-766b-4530-8b83-4750975c5795,2026-02-16,1.8,37.73,30.73,10464,0.65,0.78,59.2
71b15110-b70e-41e7-8164-2a89b098019a,2026-04-08,8.49,40.02,10.53,42219,0.86,0.73,49.44
b3e6ea71-c21a-4bcc-a2f9-eb771f97fdc1,2025-11-24,7.44,35.6,19.87,26148,0.74,0.87,45.62
c433aa1f-5bba-4a73-9ce8-27cbb5853e7f,2026-05-29,2.66,43.34,7.02,37525,0.74,0.72,55.93
7420555c-bc73-48f2-a218-46dbef756059,2025-09-09,4.52,46.9,29.15,8519,0.75,0.9,47.37
e18b7f7b-4b52-4c64-8a00-725817fb9837,2025-11-10,5.13,42.78,7.24,48334,0.79,0.81,23.47
505f66bb-f818-4e89-94ec-a4c5185a05a9,2025-11-14,4.85,13.16,40.86,47504,0.51,0.93,64
71acc2cc-4e57-4d0e-864f-518ce6d570f9,2025-12-08,8.78,30.74,9.56,6786,0.59,0.93,56.3
a839eabb-59e9-4271-94ac-5604459996fd,2026-02-07,2.04,42.56,23.43,10941,0.55,0.99,63.72
e82b82b2-3aef-46b4-9fa4-0d6cc7157815,2025-12-21,8.11,44.01,41.96,12944,0.65,0.9,59.85
36e9607e-3958-476d-82f9-6981469d2cc1,2026-05-01,9.98,47.71,7.97,44353,0.95,0.84,21.86
a9419489-538c-4c4d-82aa-76b674590739,2026-04-07,3.99,37.45,35.35,9469,0.97,0.96,54.54
df0add03-3ae5-4e15-b50b-ddcab6eca8cd,2026-02-21,2.1,22.68,47.12,7420,0.96,0.73,64.05
e1988153-f7dd-46bd-bab4-c063bcd9c30b,2026-06-22,6.08,32.42,29.83,33557,0.97,0.9,65.22
55688229-26d7-4a99-815e-9c95141e3e4e,2025-12-29,8.94,39.34,47.26,6666,0.78,0.83,42.82
e3d8cfae-ff00-48ca-b48f-8583f4a5d4fa,2025-08-05,5.13,36.81,44.95,46895,0.6,0.83,55.36
87e1234a-4953-4cc9-af1a-9b0fbc401d63,2025-08-25,6.22,21.66,32.88,7613,0.61,0.97,34.76
b019ab4f-512c-40ed-b069-623aab54c9ed,2025-09-20,2.56,20.79,23.39,29415,0.74,0.78,73.32
33984229-5729-49cb-a991-e8d4f57a1e93,2026-01-13,7.25,37.78,15.14,46464,0.54,0.96,71.85
3e844b52-c57b-4a99-befc-68ddc29b890f,2026-02-21,9.62,42.47,19.85,12758,0.7,0.85,63.5
a40bb98b-3da5-453f-8cb9-e650345e913e,2026-06-07,1.25,34.05,41.36,39235,0.95,0.72,55.88
38a38adc-8e23-4674-8007-776796788249,2025-08-22,3.86,21.36,41.16,15233,0.66,0.81,57.08
3117ed5f-5f26-4df4-8e54-fc97e9310faf,2026-03-21,9.38,30.71,17.85,6721,0.89,0.8,61.57
95af9d48-f078-4926-b59f-42c5eab17305,2025-09-26,1.63,26.94,42.45,40147,0.77,0.77,71.26
bdcd9fa0-35b3-4d8e-b3b7-9aed1aec5aa6,2026-03-18,6.68,33.48,9.04,47898,0.68,0.93,62.51
d018164c-51ab-4bb5-ae20-43493de8a678,2025-08-14,7.84,44.89,20.19,40485,0.95,0.97,43.11
407a6c75-6410-410e-bbbb-62bbedd7f2b0,2025-12-27,6.15,46.13,28.56,8879,0.9,0.86,48.21
1baa5fa3-fb9e-4996-813c-ada66e474b56,2025-09-19,3.03,46.4,43.8,22427,0.52,0.94,79.64
e81a37b0-c972-4094-86c7-e8b56dd7019a,2026-07-07,9.9,16.74,41.48,18168,0.96,0.85,63.42
c52b6880-4d91-4573-80ac-f88e85b10a04,2025-09-25,2.73,26.35,5.3,2028,0.76,0.85,42.07
417ea541-bd08-4081-b53b-111e6c468394,2025-10-27,2.98,33.19,42.54,26858,0.93,0.94,30.14
022391f2-8f5f-434d-9239-f7e8b8d62319,2025-08-31,4.52,24.12,31.13,16745,0.93,0.74,65.96
897a5290-bea9-4353-8cee-d533ab204dea,2025-09-05,7.45,18,19.56,43408,0.85,0.7,63.15
3093ed2c-c60f-43f2-9183-ad9a47569359,2025-09-22,9.02,46.39,29.69,22036,0.9,0.8,20.82
a4beb434-a29f-4ed2-acad-1d4bb35685aa,2026-04-15,7.17,10.23,14.36,36144,0.62,0.89,55.99
b2627a7a-a093-43c7-83fd-9aab90b33d3a,2025-08-07,3.83,49.09,6.97,49364,0.83,0.88,34.59
51153ca3-a00c-4361-bfbd-8065a3da154c,2025-12-18,6.63,26.8,10.35,1787,0.87,0.75,36.01
4e9c3b80-737b-4502-84c3-2b7fc9b02536,2026-04-06,2.12,28.45,27.56,19651,0.82,0.86,47.58
abed40f2-d48f-4a2c-86cf-5ae7dbf203c1,2026-06-26,4.95,44.1,40.42,31283,0.97,0.74,63.89
707d8d03-b720-4bf0-babb-ff919381ce15,2026-06-06,4.64,41.96,6.68,30217,0.69,0.99,78.81
4e34153f-e0ea-44ef-b6dd-66ebf2bae2de,2026-04-26,2.7,48.73,43.03,18264,0.66,0.98,28.03
b1d996da-f508-4f00-9cb9-5f8f1cf1605e,2026-07-07,2.37,25.69,48.38,48775,0.93,0.99,66.8
db55e138-5435-4747-b8e3-d015c6ca32c4,2025-10-03,3.72,26.2,29.46,33729,0.64,0.71,29.92
27968374-bd9f-4020-b28d-2a9019478678,2025-12-22,7.3,46.77,42.69,4249,0.76,0.89,64.36
0f056226-1b05-43ee-b457-7d3df0a462d6,2026-03-08,8.12,36.61,17.88,1910,0.6,0.76,53.71
5d40c4db-9501-4472-b6c2-f60ffb686901,2025-12-09,8.51,36.95,43.66,25523,0.59,0.72,28.94
a485ad47-e6f6-421e-8dbc-dbb034a2c937,2026-03-19,3.6,47.39,44.19,14092,0.93,0.98,48.58
1adcf0dc-767f-4afe-ab3e-695b0dfcf00e,2026-01-31,8.21,20.91,19.98,22893,0.57,0.8,23.29
b2616c5b-6022-4928-92ae-05d3b6e4f862,2026-05-03,3.64,33.53,14.35,44330,0.71,0.8,45.65
c9bf04b4-edce-4e62-9274-4d7dc856bae5,2026-03-08,2.16,49.37,6.62,35393,0.87,1,48.48
f838397a-54f0-4c8a-8d20-781c9ef6fa92,2025-11-05,6.35,10.95,17.87,39416,0.99,0.73,70.89
1f5f2a7f-6639-47e0-a16e-5f71ff3e8239,2025-08-13,8.56,29.53,27.57,28607,0.93,0.76,23.86
287d62c4-205d-4c2c-a014-d65ecb356fb5,2025-12-02,3.24,27.63,22.84,12497,0.75,0.73,42.98
33d59877-cc79-4b3b-a4a1-d77add5761ac,2025-10-17,4.17,43.89,9.35,42338,0.81,0.75,61.59
5d10eafc-8264-4579-85cb-76b634b91afe,2026-03-26,2.62,30.03,6.51,6273,0.85,0.87,30.99
abd61aae-5b88-4f59-971a-49ee9b87cc9e,2025-09-18,6.73,28.94,14.66,18381,0.76,0.86,65.39
34382a0c-845c-4dac-9ce1-49f3226149ac,2025-07-30,8.73,39.37,13.47,31599,0.85,0.74,74.35
f9f67eee-50bf-4bf9-8b5f-a5b4943b273d,2025-10-22,5.52,14.11,43.78,40409,0.67,0.76,66.85
e3d5d7f8-ca06-4009-a5ee-645cc0db4d5b,2025-09-19,3.59,39.94,43.31,3368,1,0.92,53.84
6427c994-23df-4ac6-bc42-a36804f2f635,2025-08-01,9.4,48.79,34.35,23185,0.66,0.82,55.76
c1ad38bf-e7e5-44f5-ae37-30d75c0bce0e,2025-10-27,3.43,43.18,24.16,15794,0.69,0.92,43.18
0eab2c8b-17cf-4e17-8e0a-5fa59e2efb48,2025-12-09,1.51,40.25,20.96,24977,0.62,0.79,27.26
01e05024-b615-4296-8100-b963edead455,2025-12-18,2.8,27.52,49.28,44536,0.89,0.7,50.14
c9800a8c-b3f0-4c03-b30a-805622499792,2026-03-05,9.94,39.94,33.73,48247,0.56,0.78,51.31
7890f0be-f076-4946-adaf-46dfac0211f7,2026-06-05,7.19,30.63,22.6,34125,0.98,0.85,77.59
99186ff1-e53e-4e21-aa40-34692e025a03,2025-09-02,6.12,39.56,46.36,21170,0.62,0.87,66.83
